id,topic,title,query,intent,cluster,sub,type,audience,basis,research,sensitivity,closest,diff,links,status
"MM-0001","How to Rent a Motorbike in Hanoi","How to Rent a Motorbike in Hanoi: A Step-by-Step Guide for Foreigners","how to rent a motorbike in hanoi","informational","1-rental","1.1 how-to-rent","guide","foreign riders in Hanoi","owner-history+gsc","no","none","","Each answers a different step of the rental process; no two cover the same step","","proposed"
"MM-0002","Motorbike Rental Requirements in Hanoi","Motorbike Rental Requirements in Hanoi: Documents, Licences and Age","motorbike rental requirements hanoi","informational","1-rental","1.1 how-to-rent","guide","foreign riders in Hanoi","owner-history+gsc","no","none","How to Rent a Motorbike in Hanoi: A Step-by-Step Guide for Foreigners","Each answers a different step of the rental process; no two cover the same step","","proposed"
"MM-0003","What Documents Do You Need to Rent a Motorbike in Hanoi?","What Documents Do You Need to Rent a Motorbike in Hanoi?","documents needed to rent motorbike hanoi","informational","1-rental","1.1 how-to-rent","guide","foreign riders in Hanoi","owner-history+gsc","no","none","Motorbike Rental Requirements in Hanoi: Documents, Licences and Age","Each answers a different step of the rental process; no two cover the same step","","proposed"
"MM-0004","Motorbike Rental Deposits in Hanoi","Motorbike Rental Deposits in Hanoi: Typical Amounts and Return","motorbike rental deposit hanoi","commercial","1-rental","1.1 how-to-rent","guide","foreign riders in Hanoi","owner-history+gsc","no","none","What Documents Do You Need to Rent a Motorbike in Hanoi?","Each answers a different step of the rental process; no two cover the same step","","proposed"
"MM-0005","Do Hanoi Motorbike Rentals Keep Your Passport? Deposit Practices Explained","Do Hanoi Motorbike Rentals Keep Your Passport? Deposit Practices Explained","do motorbike rentals keep your passport hanoi","informational","1-rental","1.1 how-to-rent","guide","foreign riders in Hanoi","owner-history+gsc","no","none","Motorbike Rental Deposits in Hanoi: Typical Amounts and Return","Each answers a different step of the rental process; no two cover the same step","","proposed"
"MM-0006","Can Foreigners Rent a Motorbike in Hanoi?","Can Foreigners Rent a Motorbike in Hanoi?","can foreigners rent a motorbike in hanoi","informational","1-rental","1.1 how-to-rent","guide","foreign riders in Hanoi","owner-history+gsc","no","none","Do Hanoi Motorbike Rentals Keep Your Passport? Deposit Practices Explained","Each answers a different step of the rental process; no two cover the same step","","proposed"
"MM-0007","Can Tourists Legally Rent and Ride a Motorbike in Hanoi?","Can Tourists Legally Rent and Ride a Motorbike in Hanoi?","can tourists rent motorbike hanoi","informational","1-rental","1.1 how-to-rent","guide","foreign riders in Hanoi","owner-history+gsc","no","none","Can Foreigners Rent a Motorbike in Hanoi?","Each answers a different step of the rental process; no two cover the same step","","proposed"
"MM-0008","Renting a Motorbike in Hanoi Without a Licence","Renting a Motorbike in Hanoi Without a Licence: The Real Risks","rent motorbike hanoi without licence","informational","1-rental","1.1 how-to-rent","guide","foreign riders in Hanoi","owner-history+gsc","no","none","Can Tourists Legally Rent and Ride a Motorbike in Hanoi?","Each answers a different step of the rental process; no two cover the same step","","proposed"
"MM-0009","Rental Motorbike Inspection Checklist","Rental Motorbike Inspection Checklist: What to Check Before You Ride","rental motorbike inspection checklist","informational","1-rental","1.1 how-to-rent","guide","foreign riders in Hanoi","owner-history+gsc","no","none","Renting a Motorbike in Hanoi Without a Licence: The Real Risks","Each answers a different step of the rental process; no two cover the same step","","proposed"
"MM-0010","Daily, Weekly or Monthly Motorbike Rental in Hanoi","Daily, Weekly or Monthly Motorbike Rental in Hanoi: How to Choose","daily vs monthly motorbike rental hanoi","informational","1-rental","1.1 how-to-rent","guide","foreign riders in Hanoi","owner-history+gsc","no","none","Rental Motorbike Inspection Checklist: What to Check Before You Ride","Each answers a different step of the rental process; no two cover the same step","","proposed"
"MM-0011","How to Book a Motorbike Rental in Hanoi (WhatsApp, Zalo, Walk-In)","How to Book a Motorbike Rental in Hanoi (WhatsApp, Zalo, Walk-In)","how to book motorbike rental hanoi","informational","1-rental","1.1 how-to-rent","guide","foreign riders in Hanoi","owner-history+gsc","no","none","Daily, Weekly or Monthly Motorbike Rental in Hanoi: How to Choose","Each answers a different step of the rental process; no two cover the same step","","proposed"
"MM-0012","Shop Pickup","Shop Pickup vs Delivery When Renting a Motorbike in Hanoi","motorbike rental pickup or delivery hanoi","informational","1-rental","1.1 how-to-rent","guide","foreign riders in Hanoi","owner-history+gsc","no","none","How to Book a Motorbike Rental in Hanoi (WhatsApp, Zalo, Walk-In)","Each answers a different step of the rental process; no two cover the same step","","proposed"
"MM-0013","What Is Included in a Hanoi Motorbike Rental?","What Is Included in a Hanoi Motorbike Rental?","what is included in motorbike rental hanoi","informational","1-rental","1.1 how-to-rent","guide","foreign riders in Hanoi","owner-history+gsc","no","none","Shop Pickup vs Delivery When Renting a Motorbike in Hanoi","Each answers a different step of the rental process; no two cover the same step","","proposed"
"MM-0014","Fuel Policy When Renting a Motorbike in Hanoi","Fuel Policy When Renting a Motorbike in Hanoi","motorbike rental fuel policy hanoi","informational","1-rental","1.1 how-to-rent","guide","foreign riders in Hanoi","owner-history+gsc","no","none","What Is Included in a Hanoi Motorbike Rental?","Each answers a different step of the rental process; no two cover the same step","","proposed"
"MM-0015","Do Hanoi Rentals Include Helmets?","Do Hanoi Rentals Include Helmets?","do motorbike rentals include helmets hanoi","informational","1-rental","1.1 how-to-rent","guide","foreign riders in Hanoi","owner-history+gsc","no","none","Fuel Policy When Renting a Motorbike in Hanoi","Each answers a different step of the rental process; no two cover the same step","","proposed"
"MM-0016","First Time Renting a Motorbike in Hanoi","First Time Renting a Motorbike in Hanoi: A Beginner Walkthrough","first time renting motorbike hanoi","informational","1-rental","1.1 how-to-rent","guide","foreign riders in Hanoi","owner-history+gsc","no","none","Do Hanoi Rentals Include Helmets?","Each answers a different step of the rental process; no two cover the same step","","proposed"
"MM-0017","Common Motorbike Rental Problems in Hanoi and How to Avoid Them","Common Motorbike Rental Problems in Hanoi and How to Avoid Them","motorbike rental problems hanoi","informational","1-rental","1.1 how-to-rent","guide","foreign riders in Hanoi","owner-history+gsc","no","none","First Time Renting a Motorbike in Hanoi: A Beginner Walkthrough","Each answers a different step of the rental process; no two cover the same step","","proposed"
"MM-0018","Renting","Renting vs Buying a Motorbike in Hanoi: Cost and Convenience","renting vs buying motorbike hanoi","informational","1-rental","1.1 how-to-rent","guide","foreign riders in Hanoi","owner-history+gsc","no","none","Common Motorbike Rental Problems in Hanoi and How to Avoid Them","Each answers a different step of the rental process; no two cover the same step","","proposed"
"MM-0019","How Returning a Rental Motorbike in Hanoi Works","How Returning a Rental Motorbike in Hanoi Works","returning rental motorbike hanoi","informational","1-rental","1.1 how-to-rent","guide","foreign riders in Hanoi","owner-history+gsc","no","none","Renting vs Buying a Motorbike in Hanoi: Cost and Convenience","Each answers a different step of the rental process; no two cover the same step","","proposed"
"MM-0020","How Much Does It Cost to Rent a Motorbike in Hanoi?","How Much Does It Cost to Rent a Motorbike in Hanoi?","motorbike rental price hanoi","commercial","1-rental","1.1 how-to-rent","guide","foreign riders in Hanoi","owner-history+gsc","no","none","How Returning a Rental Motorbike in Hanoi Works","Each answers a different step of the rental process; no two cover the same step","","proposed"
"MM-0021","Best Motorbike","Best Motorbike for Hanoi Traffic: What Actually Works","best motorbike for hanoi traffic","commercial","1-rental","1.2 choosing-bike","guide","foreign riders in Hanoi","owner-history","no","none","cluster hub","Each targets a distinct rider situation or bike characteristic","","proposed"
"MM-0022","Automatic","Automatic vs Semi-Automatic vs Manual: Which Bike to Rent in Hanoi","automatic vs manual motorbike hanoi","commercial","1-rental","1.2 choosing-bike","guide","foreign riders in Hanoi","owner-history","no","none","Best Motorbike for Hanoi Traffic: What Actually Works","Each targets a distinct rider situation or bike characteristic","","proposed"
"MM-0023","Best Scooters to Rent in Hanoi","Best Scooters to Rent in Hanoi for Foreigners","best scooter rental hanoi","commercial","1-rental","1.2 choosing-bike","guide","foreign riders in Hanoi","owner-history","no","none","Automatic vs Semi-Automatic vs Manual: Which Bike to Rent in Hanoi","Each targets a distinct rider situation or bike characteristic","","proposed"
"MM-0024","Best Motorbike","Best Motorbike for Two People in Hanoi","best motorbike for 2 people hanoi","commercial","1-rental","1.2 choosing-bike","guide","foreign riders in Hanoi","owner-history","no","none","Best Scooters to Rent in Hanoi for Foreigners","Each targets a distinct rider situation or bike characteristic","","proposed"
"MM-0025","Best Bike","Best Bike for Riding in the Hanoi Old Quarter","best bike for hanoi old quarter","commercial","1-rental","1.2 choosing-bike","guide","foreign riders in Hanoi","owner-history","no","none","Best Motorbike for Two People in Hanoi","Each targets a distinct rider situation or bike characteristic","","proposed"
"MM-0026","Easiest Motorbikes","Easiest Motorbikes for Beginner Riders in Hanoi","easiest motorbike beginners hanoi","commercial","1-rental","1.2 choosing-bike","guide","foreign riders in Hanoi","owner-history","no","none","Best Bike for Riding in the Hanoi Old Quarter","Each targets a distinct rider situation or bike characteristic","","proposed"
"MM-0027","Best Motorbikes","Best Motorbikes for Tall Foreign Riders in Vietnam","best motorbike for tall riders vietnam","commercial","1-rental","1.2 choosing-bike","guide","foreign riders in Hanoi","owner-history","no","none","Easiest Motorbikes for Beginner Riders in Hanoi","Each targets a distinct rider situation or bike characteristic","","proposed"
"MM-0028","Best Motorbike","Best Motorbike for Commuting in Hanoi","best motorbike for commuting hanoi","commercial","1-rental","1.2 choosing-bike","guide","foreign riders in Hanoi","owner-history","no","none","Best Motorbikes for Tall Foreign Riders in Vietnam","Each targets a distinct rider situation or bike characteristic","","proposed"
"MM-0029","Best Motorbike","Best Motorbike for Day Trips from Hanoi","best motorbike for day trips hanoi","commercial","1-rental","1.2 choosing-bike","guide","foreign riders in Hanoi","owner-history","no","none","Best Motorbike for Commuting in Hanoi","Each targets a distinct rider situation or bike characteristic","","proposed"
"MM-0030","Best Motorbike","Best Motorbike for Long-Distance Riding in Vietnam","best motorbike for long distance vietnam","commercial","1-rental","1.2 choosing-bike","guide","foreign riders in Hanoi","owner-history","no","none","Best Motorbike for Day Trips from Hanoi","Each targets a distinct rider situation or bike characteristic","","proposed"
"MM-0031","Lightest Motorbikes","Lightest Motorbikes for New Foreign Riders","lightest motorbikes for beginners","commercial","1-rental","1.2 choosing-bike","guide","foreign riders in Hanoi","owner-history","no","none","Best Motorbike for Long-Distance Riding in Vietnam","Each targets a distinct rider situation or bike characteristic","","proposed"
"MM-0032","Best Bike","Best Bike for English Teachers Living in Hanoi","best motorbike for english teachers hanoi","commercial","1-rental","1.2 choosing-bike","guide","foreign riders in Hanoi","owner-history","no","none","Lightest Motorbikes for New Foreign Riders","Each targets a distinct rider situation or bike characteristic","","proposed"
"MM-0033","Best Motorbike","Best Motorbike for Students in Hanoi","best motorbike for students hanoi","commercial","1-rental","1.2 choosing-bike","guide","foreign riders in Hanoi","owner-history","no","none","Best Bike for English Teachers Living in Hanoi","Each targets a distinct rider situation or bike characteristic","","proposed"
"MM-0034","Best Motorbike","Best Motorbike for Expats Living in Hanoi","best motorbike for expats hanoi","commercial","1-rental","1.2 choosing-bike","guide","foreign riders in Hanoi","owner-history","no","none","Best Motorbike for Students in Hanoi","Each targets a distinct rider situation or bike characteristic","","proposed"
"MM-0035","Scooter","Scooter vs Semi-Automatic Motorcycle for Hanoi Riding","scooter vs semi automatic hanoi","commercial","1-rental","1.2 choosing-bike","guide","foreign riders in Hanoi","owner-history","no","none","Best Motorbike for Expats Living in Hanoi","Each targets a distinct rider situation or bike characteristic","","proposed"
"MM-0036","How Deposit Returns Work at Hanoi Motorbike Rentals","How Deposit Returns Work at Hanoi Motorbike Rentals","when do you get motorbike rental deposit back","informational","1-rental","1.3 rental-practicalities","faq","foreign riders in Hanoi","owner-history","no","none","cluster hub","Each covers one distinct policy or incident scenario; the rental hub links to all","","proposed"
"MM-0037","What Happens If You Return a Rental Motorbike Late in Hanoi","What Happens If You Return a Rental Motorbike Late in Hanoi","late return motorbike rental hanoi","informational","1-rental","1.3 rental-practicalities","faq","foreign riders in Hanoi","owner-history","no","none","How Deposit Returns Work at Hanoi Motorbike Rentals","Each covers one distinct policy or incident scenario; the rental hub links to all","","proposed"
"MM-0038","Can You Return a Rental Motorbike Early? Refunds Explained","Can You Return a Rental Motorbike Early? Refunds Explained","early return motorbike rental refund","informational","1-rental","1.3 rental-practicalities","faq","foreign riders in Hanoi","owner-history","no","none","What Happens If You Return a Rental Motorbike Late in Hanoi","Each covers one distinct policy or incident scenario; the rental hub links to all","","proposed"
"MM-0039","Is Insurance Included with Motorbike Rentals in Hanoi?","Is Insurance Included with Motorbike Rentals in Hanoi?","is insurance included motorbike rental hanoi","informational","1-rental","1.3 rental-practicalities","faq","foreign riders in Hanoi","owner-history","no","none","Can You Return a Rental Motorbike Early? Refunds Explained","Each covers one distinct policy or incident scenario; the rental hub links to all","","proposed"
"MM-0040","Do You Need Your Own Insurance to Ride in Vietnam?","Do You Need Your Own Insurance to Ride in Vietnam?","do i need insurance to ride motorbike vietnam","informational","1-rental","1.3 rental-practicalities","faq","foreign riders in Hanoi","owner-history","no","none","Is Insurance Included with Motorbike Rentals in Hanoi?","Each covers one distinct policy or incident scenario; the rental hub links to all","","proposed"
"MM-0041","What Happens If a Rental Motorbike Breaks Down in Hanoi","What Happens If a Rental Motorbike Breaks Down in Hanoi","rental motorbike breakdown hanoi","informational","1-rental","1.3 rental-practicalities","faq","foreign riders in Hanoi","owner-history","no","none","Do You Need Your Own Insurance to Ride in Vietnam?","Each covers one distinct policy or incident scenario; the rental hub links to all","","proposed"
"MM-0042","Who Pays","Who Pays for a Punctured Tyre on a Rental Motorbike?","who pays puncture rental motorbike","informational","1-rental","1.3 rental-practicalities","faq","foreign riders in Hanoi","owner-history","no","none","What Happens If a Rental Motorbike Breaks Down in Hanoi","Each covers one distinct policy or incident scenario; the rental hub links to all","","proposed"
"MM-0043","What to Do If the Chain Feels Loose on a Rental Bike","What to Do If the Chain Feels Loose on a Rental Bike","loose chain rental motorbike","informational","1-rental","1.3 rental-practicalities","faq","foreign riders in Hanoi","owner-history","no","none","Who Pays for a Punctured Tyre on a Rental Motorbike?","Each covers one distinct policy or incident scenario; the rental hub links to all","","proposed"
"MM-0044","What to Do If Your Rental Motorbike Does Not Feel Normal","What to Do If Your Rental Motorbike Does Not Feel Normal","rental motorbike feels wrong","informational","1-rental","1.3 rental-practicalities","faq","foreign riders in Hanoi","owner-history","no","none","What to Do If the Chain Feels Loose on a Rental Bike","Each covers one distinct policy or incident scenario; the rental hub links to all","","proposed"
"MM-0045","High-Mileage Rental Riding","High-Mileage Rental Riding: When to Bring the Bike Back for Inspection","high mileage rental motorbike inspection","informational","1-rental","1.3 rental-practicalities","faq","foreign riders in Hanoi","owner-history","no","none","What to Do If Your Rental Motorbike Does Not Feel Normal","Each covers one distinct policy or incident scenario; the rental hub links to all","","proposed"
"MM-0046","Can You Use Outside Repair Shops on a Rental Motorbike?","Can You Use Outside Repair Shops on a Rental Motorbike?","outside repair shop rental motorbike","informational","1-rental","1.3 rental-practicalities","faq","foreign riders in Hanoi","owner-history","no","none","High-Mileage Rental Riding: When to Bring the Bike Back for Inspection","Each covers one distinct policy or incident scenario; the rental hub links to all","","proposed"
"MM-0047","What Happens If You Lose the Key to a Rental Motorbike","What Happens If You Lose the Key to a Rental Motorbike","lost key rental motorbike hanoi","informational","1-rental","1.3 rental-practicalities","faq","foreign riders in Hanoi","owner-history","no","none","Can You Use Outside Repair Shops on a Rental Motorbike?","Each covers one distinct policy or incident scenario; the rental hub links to all","","proposed"
"MM-0048","Theft and Loss Responsibility on Rental Motorbikes in Hanoi","Theft and Loss Responsibility on Rental Motorbikes in Hanoi","rental motorbike stolen responsibility","informational","1-rental","1.3 rental-practicalities","faq","foreign riders in Hanoi","owner-history","no","none","What Happens If You Lose the Key to a Rental Motorbike","Each covers one distinct policy or incident scenario; the rental hub links to all","","proposed"
"MM-0049","Where to Park a Motorbike in Hanoi","Where to Park a Motorbike in Hanoi: Rules and Etiquette","where to park motorbike hanoi","informational","1-rental","1.3 rental-practicalities","faq","foreign riders in Hanoi","owner-history","no","none","Theft and Loss Responsibility on Rental Motorbikes in Hanoi","Each covers one distinct policy or incident scenario; the rental hub links to all","","proposed"
"MM-0050","Riding a Rental Motorbike in Hanoi Rain","Riding a Rental Motorbike in Hanoi Rain: What to Know","riding motorbike rain hanoi","informational","1-rental","1.3 rental-practicalities","faq","foreign riders in Hanoi","owner-history","no","none","Where to Park a Motorbike in Hanoi: Rules and Etiquette","Each covers one distinct policy or incident scenario; the rental hub links to all","","proposed"
"MM-0051","Rental Motorbike Fuel","Rental Motorbike Fuel: What Petrol to Use in Vietnam","what fuel for motorbike vietnam","informational","1-rental","1.3 rental-practicalities","faq","foreign riders in Hanoi","owner-history","no","none","Riding a Rental Motorbike in Hanoi Rain: What to Know","Each covers one distinct policy or incident scenario; the rental hub links to all","","proposed"
"MM-0052","What to Carry While Riding a Motorbike in Vietnam","What to Carry While Riding a Motorbike in Vietnam","what documents to carry riding motorbike vietnam","informational","1-rental","1.3 rental-practicalities","faq","foreign riders in Hanoi","owner-history","no","none","Rental Motorbike Fuel: What Petrol to Use in Vietnam","Each covers one distinct policy or incident scenario; the rental hub links to all","","proposed"
"MM-0053","Understanding a Motorbike Rental Agreement in Hanoi","Understanding a Motorbike Rental Agreement in Hanoi","motorbike rental agreement terms hanoi","informational","1-rental","1.3 rental-practicalities","faq","foreign riders in Hanoi","owner-history","no","none","What to Carry While Riding a Motorbike in Vietnam","Each covers one distinct policy or incident scenario; the rental hub links to all","","proposed"
"MM-0054","Can You Take a Rental Motorbike Outside Hanoi?","Can You Take a Rental Motorbike Outside Hanoi?","rental motorbike outside hanoi provinces","informational","1-rental","1.3 rental-practicalities","faq","foreign riders in Hanoi","owner-history","no","none","Understanding a Motorbike Rental Agreement in Hanoi","Each covers one distinct policy or incident scenario; the rental hub links to all","","proposed"
"MM-0055","Renting a Motorbike in Hanoi During Tet and Holidays","Renting a Motorbike in Hanoi During Tet and Holidays","renting motorbike hanoi tet","informational","1-rental","1.3 rental-practicalities","faq","foreign riders in Hanoi","owner-history","no","none","Can You Take a Rental Motorbike Outside Hanoi?","Each covers one distinct policy or incident scenario; the rental hub links to all","","proposed"
"MM-0056","Motorbike Rental","Motorbike Rental for Tourists Visiting Hanoi: The Essentials","motorbike rental for tourists hanoi","commercial","1-rental","1.4 renter-situations","guide","foreign riders in Hanoi","owner-history","no","none","cluster hub","Each targets a distinct renter persona; personas are not bike-choice questions (that is 1.2)","","proposed"
"MM-0057","Motorbike Rental","Motorbike Rental for Expats Moving to Hanoi","motorbike rental for expats hanoi","commercial","1-rental","1.4 renter-situations","guide","foreign riders in Hanoi","owner-history","no","none","Motorbike Rental for Tourists Visiting Hanoi: The Essentials","Each targets a distinct renter persona; personas are not bike-choice questions (that is 1.2)","","proposed"
"MM-0058","Motorbike Rental","Motorbike Rental for English Teachers in Hanoi","motorbike rental english teachers hanoi","commercial","1-rental","1.4 renter-situations","guide","foreign riders in Hanoi","owner-history","no","none","Motorbike Rental for Expats Moving to Hanoi","Each targets a distinct renter persona; personas are not bike-choice questions (that is 1.2)","","proposed"
"MM-0059","Motorbike Rental","Motorbike Rental for International Students in Hanoi","motorbike rental students hanoi","commercial","1-rental","1.4 renter-situations","guide","foreign riders in Hanoi","owner-history","no","none","Motorbike Rental for English Teachers in Hanoi","Each targets a distinct renter persona; personas are not bike-choice questions (that is 1.2)","","proposed"
"MM-0060","Motorbike Rental","Motorbike Rental for Digital Nomads in Hanoi","motorbike rental digital nomads hanoi","commercial","1-rental","1.4 renter-situations","guide","foreign riders in Hanoi","owner-history","no","none","Motorbike Rental for International Students in Hanoi","Each targets a distinct renter persona; personas are not bike-choice questions (that is 1.2)","","proposed"
"MM-0061","Motorbike Rental Tips","Motorbike Rental Tips for Female Riders in Hanoi","motorbike rental female riders hanoi","commercial","1-rental","1.4 renter-situations","guide","foreign riders in Hanoi","owner-history","no","none","Motorbike Rental for Digital Nomads in Hanoi","Each targets a distinct renter persona; personas are not bike-choice questions (that is 1.2)","","proposed"
"MM-0062","Renting a Motorbike as a Couple in Hanoi (Two-Up)","Renting a Motorbike as a Couple in Hanoi (Two-Up)","motorbike rental couple hanoi","commercial","1-rental","1.4 renter-situations","guide","foreign riders in Hanoi","owner-history","no","none","Motorbike Rental Tips for Female Riders in Hanoi","Each targets a distinct renter persona; personas are not bike-choice questions (that is 1.2)","","proposed"
"MM-0063","Renting a Motorbike","Renting a Motorbike for 6 Months or Longer in Hanoi","long term motorbike rental hanoi","commercial","1-rental","1.4 renter-situations","guide","foreign riders in Hanoi","owner-history","no","none","Renting a Motorbike as a Couple in Hanoi (Two-Up)","Each targets a distinct renter persona; personas are not bike-choice questions (that is 1.2)","","proposed"
"MM-0064","Renting a Motorbike in Hanoi","Renting a Motorbike in Hanoi for Just One Day","one day motorbike rental hanoi","commercial","1-rental","1.4 renter-situations","guide","foreign riders in Hanoi","owner-history","no","none","Renting a Motorbike for 6 Months or Longer in Hanoi","Each targets a distinct renter persona; personas are not bike-choice questions (that is 1.2)","","proposed"
"MM-0065","Renting Motorbikes","Renting Motorbikes for a Group in Hanoi","group motorbike rental hanoi","commercial","1-rental","1.4 renter-situations","guide","foreign riders in Hanoi","owner-history","no","none","Renting a Motorbike in Hanoi for Just One Day","Each targets a distinct renter persona; personas are not bike-choice questions (that is 1.2)","","proposed"
"MM-0066","Renting a Motorbike in Hanoi in the Rainy Season","Renting a Motorbike in Hanoi in the Rainy Season","motorbike rental rainy season hanoi","commercial","1-rental","1.4 renter-situations","guide","foreign riders in Hanoi","owner-history","no","none","Renting Motorbikes for a Group in Hanoi","Each targets a distinct renter persona; personas are not bike-choice questions (that is 1.2)","","proposed"
"MM-0067","Renting a Motorbike in Hanoi in Winter","Renting a Motorbike in Hanoi in Winter","motorbike rental hanoi winter","commercial","1-rental","1.4 renter-situations","guide","foreign riders in Hanoi","owner-history","no","none","Renting a Motorbike in Hanoi in the Rainy Season","Each targets a distinct renter persona; personas are not bike-choice questions (that is 1.2)","","proposed"
"MM-0068","Switching Bikes Mid-Rental in Hanoi","Switching Bikes Mid-Rental in Hanoi","switch rental motorbike hanoi","commercial","1-rental","1.4 renter-situations","guide","foreign riders in Hanoi","owner-history","no","none","Renting a Motorbike in Hanoi in Winter","Each targets a distinct renter persona; personas are not bike-choice questions (that is 1.2)","","proposed"
"MM-0069","Renting a Motorbike When You Arrive at Noi Bai Airport","Renting a Motorbike When You Arrive at Noi Bai Airport","motorbike rental hanoi airport arrival","commercial","1-rental","1.4 renter-situations","guide","foreign riders in Hanoi","owner-history","no","none","Switching Bikes Mid-Rental in Hanoi","Each targets a distinct renter persona; personas are not bike-choice questions (that is 1.2)","","proposed"
"MM-0070","Renting a Motorbike in Hanoi as a Complete Beginner","Renting a Motorbike in Hanoi as a Complete Beginner","motorbike rental beginner hanoi","commercial","1-rental","1.4 renter-situations","guide","foreign riders in Hanoi","owner-history","no","none","Renting a Motorbike When You Arrive at Noi Bai Airport","Each targets a distinct renter persona; personas are not bike-choice questions (that is 1.2)","","proposed"
"MM-0071","Renting a Motorbike in Long Bien","Renting a Motorbike in Long Bien: What to Know","long bien hanoi motorbike rental","commercial","1-rental","1.5 area-guides","guide","foreign riders in Hanoi","gsc+owner-history","no","none","cluster hub","Genuine area context (distances, roads, parking, delivery practicality) — not doorway spins; each district has unique geography/logistics","rental hub","proposed"
"MM-0072","Renting a Motorbike in the Hanoi Old Quarter","Renting a Motorbike in the Hanoi Old Quarter: What to Know","old quarter motorbike rental hanoi","commercial","1-rental","1.5 area-guides","guide","foreign riders in Hanoi","gsc+owner-history","no","none","Renting a Motorbike in Long Bien: What to Know","Genuine area context (distances, roads, parking, delivery practicality) — not doorway spins; each district has unique geography/logistics","rental hub","proposed"
"MM-0073","Renting a Motorbike in Tay Ho","Renting a Motorbike in Tay Ho: What to Know","tay ho motorbike rental hanoi","commercial","1-rental","1.5 area-guides","guide","foreign riders in Hanoi","gsc+owner-history","no","none","Renting a Motorbike in the Hanoi Old Quarter: What to Know","Genuine area context (distances, roads, parking, delivery practicality) — not doorway spins; each district has unique geography/logistics","rental hub","proposed"
"MM-0074","Renting a Motorbike in Ba Dinh","Renting a Motorbike in Ba Dinh: What to Know","ba dinh motorbike rental hanoi","commercial","1-rental","1.5 area-guides","guide","foreign riders in Hanoi","gsc+owner-history","no","none","Renting a Motorbike in Tay Ho: What to Know","Genuine area context (distances, roads, parking, delivery practicality) — not doorway spins; each district has unique geography/logistics","rental hub","proposed"
"MM-0075","Renting a Motorbike in Cau Giay","Renting a Motorbike in Cau Giay: What to Know","cau giay motorbike rental hanoi","commercial","1-rental","1.5 area-guides","guide","foreign riders in Hanoi","gsc+owner-history","no","none","Renting a Motorbike in Ba Dinh: What to Know","Genuine area context (distances, roads, parking, delivery practicality) — not doorway spins; each district has unique geography/logistics","rental hub","proposed"
"MM-0076","Renting a Motorbike in Hai Ba Trung","Renting a Motorbike in Hai Ba Trung: What to Know","hai ba trung motorbike rental hanoi","commercial","1-rental","1.5 area-guides","guide","foreign riders in Hanoi","gsc+owner-history","no","none","Renting a Motorbike in Cau Giay: What to Know","Genuine area context (distances, roads, parking, delivery practicality) — not doorway spins; each district has unique geography/logistics","rental hub","proposed"
"MM-0077","Renting a Motorbike in Dong Da","Renting a Motorbike in Dong Da: What to Know","dong da motorbike rental hanoi","commercial","1-rental","1.5 area-guides","guide","foreign riders in Hanoi","gsc+owner-history","no","none","Renting a Motorbike in Hai Ba Trung: What to Know","Genuine area context (distances, roads, parking, delivery practicality) — not doorway spins; each district has unique geography/logistics","rental hub","proposed"
"MM-0078","Renting a Motorbike in Hoan Kiem","Renting a Motorbike in Hoan Kiem: What to Know","hoan kiem motorbike rental hanoi","commercial","1-rental","1.5 area-guides","guide","foreign riders in Hanoi","gsc+owner-history","no","none","Renting a Motorbike in Dong Da: What to Know","Genuine area context (distances, roads, parking, delivery practicality) — not doorway spins; each district has unique geography/logistics","rental hub","proposed"
"MM-0079","Renting a Motorbike in Thanh Xuan","Renting a Motorbike in Thanh Xuan: What to Know","thanh xuan motorbike rental hanoi","commercial","1-rental","1.5 area-guides","guide","foreign riders in Hanoi","gsc+owner-history","no","none","Renting a Motorbike in Hoan Kiem: What to Know","Genuine area context (distances, roads, parking, delivery practicality) — not doorway spins; each district has unique geography/logistics","rental hub","proposed"
"MM-0080","Motorbike Delivery to Long Bien","Motorbike Delivery to Long Bien: How It Works","motorbike delivery long bien hanoi","transactional","1-rental","1.5 area-guides","faq","foreign riders in Hanoi","owner-history","no","none","Renting a Motorbike in Thanh Xuan: What to Know","Genuine area context (distances, roads, parking, delivery practicality) — not doorway spins; each district has unique geography/logistics","area guide","proposed"
"MM-0081","Motorbike Delivery to the Hanoi Old Quarter","Motorbike Delivery to the Hanoi Old Quarter: How It Works","motorbike delivery the hanoi old quarter hanoi","transactional","1-rental","1.5 area-guides","faq","foreign riders in Hanoi","owner-history","no","none","Motorbike Delivery to Long Bien: How It Works","Genuine area context (distances, roads, parking, delivery practicality) — not doorway spins; each district has unique geography/logistics","area guide","proposed"
"MM-0082","Motorbike Delivery to Tay Ho","Motorbike Delivery to Tay Ho: How It Works","motorbike delivery tay ho hanoi","transactional","1-rental","1.5 area-guides","faq","foreign riders in Hanoi","owner-history","no","none","Motorbike Delivery to the Hanoi Old Quarter: How It Works","Genuine area context (distances, roads, parking, delivery practicality) — not doorway spins; each district has unique geography/logistics","area guide","proposed"
"MM-0083","Motorbike Delivery to Ba Dinh","Motorbike Delivery to Ba Dinh: How It Works","motorbike delivery ba dinh hanoi","transactional","1-rental","1.5 area-guides","faq","foreign riders in Hanoi","owner-history","no","none","Motorbike Delivery to Tay Ho: How It Works","Genuine area context (distances, roads, parking, delivery practicality) — not doorway spins; each district has unique geography/logistics","area guide","proposed"
"MM-0084","Motorbike Delivery to Cau Giay","Motorbike Delivery to Cau Giay: How It Works","motorbike delivery cau giay hanoi","transactional","1-rental","1.5 area-guides","faq","foreign riders in Hanoi","owner-history","no","none","Motorbike Delivery to Ba Dinh: How It Works","Genuine area context (distances, roads, parking, delivery practicality) — not doorway spins; each district has unique geography/logistics","area guide","proposed"
"MM-0085","Motorbike Delivery to Hai Ba Trung","Motorbike Delivery to Hai Ba Trung: How It Works","motorbike delivery hai ba trung hanoi","transactional","1-rental","1.5 area-guides","faq","foreign riders in Hanoi","owner-history","no","none","Motorbike Delivery to Cau Giay: How It Works","Genuine area context (distances, roads, parking, delivery practicality) — not doorway spins; each district has unique geography/logistics","area guide","proposed"
"MM-0086","Motorbike Delivery to Dong Da","Motorbike Delivery to Dong Da: How It Works","motorbike delivery dong da hanoi","transactional","1-rental","1.5 area-guides","faq","foreign riders in Hanoi","owner-history","no","none","Motorbike Delivery to Hai Ba Trung: How It Works","Genuine area context (distances, roads, parking, delivery practicality) — not doorway spins; each district has unique geography/logistics","area guide","proposed"
"MM-0087","Motorbike Delivery to Hoan Kiem","Motorbike Delivery to Hoan Kiem: How It Works","motorbike delivery hoan kiem hanoi","transactional","1-rental","1.5 area-guides","faq","foreign riders in Hanoi","owner-history","no","none","Motorbike Delivery to Dong Da: How It Works","Genuine area context (distances, roads, parking, delivery practicality) — not doorway spins; each district has unique geography/logistics","area guide","proposed"
"MM-0088","Motorbike Delivery to Thanh Xuan","Motorbike Delivery to Thanh Xuan: How It Works","motorbike delivery thanh xuan hanoi","transactional","1-rental","1.5 area-guides","faq","foreign riders in Hanoi","owner-history","no","none","Motorbike Delivery to Hoan Kiem: How It Works","Genuine area context (distances, roads, parking, delivery practicality) — not doorway spins; each district has unique geography/logistics","area guide","proposed"
"MM-0089","Monthly Motorbike Rental in Hanoi","Monthly Motorbike Rental in Hanoi: How It Works","monthly motorbike rental hanoi","commercial","2-monthly","2.1 monthly-decisions","guide","foreign riders in Hanoi","owner-history+gsc","no","none","cluster hub","Monthly-rental decision angles; daily-rental process lives in cluster 1","","proposed"
"MM-0090","Monthly","Monthly vs Daily Motorbike Rental Costs in Hanoi","monthly vs daily motorbike rental cost","commercial","2-monthly","2.1 monthly-decisions","guide","foreign riders in Hanoi","owner-history+gsc","no","none","Monthly Motorbike Rental in Hanoi: How It Works","Monthly-rental decision angles; daily-rental process lives in cluster 1","","proposed"
"MM-0091","What to Check in a Monthly Motorbike Rental Agreement","What to Check in a Monthly Motorbike Rental Agreement","monthly motorbike rental agreement","commercial","2-monthly","2.1 monthly-decisions","guide","foreign riders in Hanoi","owner-history+gsc","no","none","Monthly vs Daily Motorbike Rental Costs in Hanoi","Monthly-rental decision angles; daily-rental process lives in cluster 1","","proposed"
"MM-0092","Weekly Motorbike Rental in Hanoi","Weekly Motorbike Rental in Hanoi","weekly motorbike rental hanoi","commercial","2-monthly","2.1 monthly-decisions","guide","foreign riders in Hanoi","owner-history+gsc","no","none","What to Check in a Monthly Motorbike Rental Agreement","Monthly-rental decision angles; daily-rental process lives in cluster 1","","proposed"
"MM-0093","Monthly Scooter Rental in Hanoi","Monthly Scooter Rental in Hanoi","monthly scooter rental hanoi","commercial","2-monthly","2.1 monthly-decisions","guide","foreign riders in Hanoi","owner-history+gsc","no","none","Weekly Motorbike Rental in Hanoi","Monthly-rental decision angles; daily-rental process lives in cluster 1","","proposed"
"MM-0094","Monthly Motorbike Rental Prices in Hanoi","Monthly Motorbike Rental Prices in Hanoi: Real Ranges","monthly motorbike rental price hanoi","commercial","2-monthly","2.1 monthly-decisions","guide","foreign riders in Hanoi","owner-history+gsc","no","none","Monthly Scooter Rental in Hanoi","Monthly-rental decision angles; daily-rental process lives in cluster 1","","proposed"
"MM-0095","Best Motorbikes","Best Motorbikes for Monthly Rental in Hanoi","best motorbike monthly rental hanoi","commercial","2-monthly","2.1 monthly-decisions","guide","foreign riders in Hanoi","owner-history+gsc","no","none","Monthly Motorbike Rental Prices in Hanoi: Real Ranges","Monthly-rental decision angles; daily-rental process lives in cluster 1","","proposed"
"MM-0096","Deposit","Deposit for Monthly Motorbike Rental in Hanoi","monthly motorbike rental deposit","commercial","2-monthly","2.1 monthly-decisions","guide","foreign riders in Hanoi","owner-history+gsc","no","none","Best Motorbikes for Monthly Rental in Hanoi","Monthly-rental decision angles; daily-rental process lives in cluster 1","","proposed"
"MM-0097","Maintenance Responsibility on Monthly Motorbike Rentals","Maintenance Responsibility on Monthly Motorbike Rentals","monthly rental maintenance responsibility","commercial","2-monthly","2.1 monthly-decisions","guide","foreign riders in Hanoi","owner-history+gsc","no","none","Deposit for Monthly Motorbike Rental in Hanoi","Monthly-rental decision angles; daily-rental process lives in cluster 1","","proposed"
"MM-0098","How to Extend a Monthly Motorbike Rental","How to Extend a Monthly Motorbike Rental","extend monthly motorbike rental","commercial","2-monthly","2.1 monthly-decisions","guide","foreign riders in Hanoi","owner-history+gsc","no","none","Maintenance Responsibility on Monthly Motorbike Rentals","Monthly-rental decision angles; daily-rental process lives in cluster 1","","proposed"
"MM-0099","Monthly Rental","Monthly Rental for a Semester in Hanoi","semester motorbike rental hanoi","commercial","2-monthly","2.1 monthly-decisions","guide","foreign riders in Hanoi","owner-history+gsc","no","none","How to Extend a Monthly Motorbike Rental","Monthly-rental decision angles; daily-rental process lives in cluster 1","","proposed"
"MM-0100","Monthly Rental","Monthly Rental for a Teaching Contract Year","yearly motorbike rental hanoi","commercial","2-monthly","2.1 monthly-decisions","guide","foreign riders in Hanoi","owner-history+gsc","no","none","Monthly Rental for a Semester in Hanoi","Monthly-rental decision angles; daily-rental process lives in cluster 1","","proposed"
"MM-0101","Switching Motorbikes During a Monthly Rental","Switching Motorbikes During a Monthly Rental","change bike monthly rental","commercial","2-monthly","2.1 monthly-decisions","guide","foreign riders in Hanoi","owner-history+gsc","no","none","Monthly Rental for a Teaching Contract Year","Monthly-rental decision angles; daily-rental process lives in cluster 1","","proposed"
"MM-0102","What Happens If a Monthly Rental Motorbike Needs Repairs","What Happens If a Monthly Rental Motorbike Needs Repairs","monthly rental motorbike repairs","commercial","2-monthly","2.1 monthly-decisions","guide","foreign riders in Hanoi","owner-history+gsc","no","none","Switching Motorbikes During a Monthly Rental","Monthly-rental decision angles; daily-rental process lives in cluster 1","","proposed"
"MM-0103","Monthly Motorbike Rental","Monthly Motorbike Rental vs Buying a Used Bike in Hanoi","monthly rental vs buy used motorbike hanoi","commercial","2-monthly","2.1 monthly-decisions","guide","foreign riders in Hanoi","owner-history+gsc","no","none","What Happens If a Monthly Rental Motorbike Needs Repairs","Monthly-rental decision angles; daily-rental process lives in cluster 1","","proposed"
"MM-0104","Monthly Motorbike Rental","Monthly Motorbike Rental vs Leasing in Vietnam","motorbike leasing vietnam","commercial","2-monthly","2.1 monthly-decisions","guide","foreign riders in Hanoi","owner-history+gsc","no","none","Monthly Motorbike Rental vs Buying a Used Bike in Hanoi","Monthly-rental decision angles; daily-rental process lives in cluster 1","","proposed"
"MM-0105","Insurance Options","Insurance Options for Long-Term Motorbike Renters in Vietnam","long term motorbike insurance vietnam","commercial","2-monthly","2.1 monthly-decisions","guide","foreign riders in Hanoi","owner-history+gsc","no","none","Monthly Motorbike Rental vs Leasing in Vietnam","Monthly-rental decision angles; daily-rental process lives in cluster 1","","proposed"
"MM-0106","Fuel Budget","Fuel Budget for a Month of Motorbike Commuting in Hanoi","monthly motorbike fuel cost hanoi","commercial","2-monthly","2.1 monthly-decisions","guide","foreign riders in Hanoi","owner-history+gsc","no","none","Insurance Options for Long-Term Motorbike Renters in Vietnam","Monthly-rental decision angles; daily-rental process lives in cluster 1","","proposed"
"MM-0107","Monthly Rental During Hanoi Weather Seasons","Monthly Rental During Hanoi Weather Seasons","motorbike rental hanoi seasons","commercial","2-monthly","2.1 monthly-decisions","guide","foreign riders in Hanoi","owner-history+gsc","no","none","Fuel Budget for a Month of Motorbike Commuting in Hanoi","Monthly-rental decision angles; daily-rental process lives in cluster 1","","proposed"
"MM-0108","Ending a Monthly Motorbike Rental","Ending a Monthly Motorbike Rental: Notice and Return","end monthly motorbike rental","commercial","2-monthly","2.1 monthly-decisions","guide","foreign riders in Hanoi","owner-history+gsc","no","none","Monthly Rental During Hanoi Weather Seasons","Monthly-rental decision angles; daily-rental process lives in cluster 1","","proposed"
"MM-0109","Keeping a Rental Motorbike Healthy Over Months of Use","Keeping a Rental Motorbike Healthy Over Months of Use","long term rental motorbike care","informational","2-monthly","2.2 long-term-living","guide","foreign riders in Hanoi","owner-history","no","none","cluster hub","Living-with-the-bike logistics, not rental decisions (2.1) or maintenance procedures (8)","","proposed"
"MM-0110","Where to Store a Motorbike in Hanoi","Where to Store a Motorbike in Hanoi","motorbike parking storage hanoi","informational","2-monthly","2.2 long-term-living","guide","foreign riders in Hanoi","owner-history","no","none","Keeping a Rental Motorbike Healthy Over Months of Use","Living-with-the-bike logistics, not rental decisions (2.1) or maintenance procedures (8)","","proposed"
"MM-0111","Motorbike Inspection (kiem dinh) Rules","Motorbike Inspection (kiem dinh) Rules for Long-Term Use","motorbike inspection vietnam rules","informational","2-monthly","2.2 long-term-living","guide","foreign riders in Hanoi","owner-history","no","none","Where to Store a Motorbike in Hanoi","Living-with-the-bike logistics, not rental decisions (2.1) or maintenance procedures (8)","","proposed"
"MM-0112","Riding a Monthly Rental to Work Every Day","Riding a Monthly Rental to Work Every Day: Commuting Realities","commuting by motorbike hanoi daily","informational","2-monthly","2.2 long-term-living","guide","foreign riders in Hanoi","owner-history","no","none","Motorbike Inspection (kiem dinh) Rules for Long-Term Use","Living-with-the-bike logistics, not rental decisions (2.1) or maintenance procedures (8)","","proposed"
"MM-0113","Planning Battery and Tyre Life on a Long-Term Rental","Planning Battery and Tyre Life on a Long-Term Rental","long term rental tyres battery","informational","2-monthly","2.2 long-term-living","guide","foreign riders in Hanoi","owner-history","no","none","Riding a Monthly Rental to Work Every Day: Commuting Realities","Living-with-the-bike logistics, not rental decisions (2.1) or maintenance procedures (8)","","proposed"
"MM-0114","Long-Term Rental Paperwork to Keep on Hand","Long-Term Rental Paperwork to Keep on Hand","long term rental paperwork vietnam","informational","2-monthly","2.2 long-term-living","guide","foreign riders in Hanoi","owner-history","no","none","Planning Battery and Tyre Life on a Long-Term Rental","Living-with-the-bike logistics, not rental decisions (2.1) or maintenance procedures (8)","","proposed"
"MM-0115","What to Do Before an Extended Trip on a Monthly Rental","What to Do Before an Extended Trip on a Monthly Rental","extended trip monthly rental motorbike","informational","2-monthly","2.2 long-term-living","guide","foreign riders in Hanoi","owner-history","no","none","Long-Term Rental Paperwork to Keep on Hand","Living-with-the-bike logistics, not rental decisions (2.1) or maintenance procedures (8)","","proposed"
"MM-0116","Dealing with Minor Damage on a Long-Term Rental","Dealing with Minor Damage on a Long-Term Rental","minor damage long term rental","informational","2-monthly","2.2 long-term-living","guide","foreign riders in Hanoi","owner-history","no","none","What to Do Before an Extended Trip on a Monthly Rental","Living-with-the-bike logistics, not rental decisions (2.1) or maintenance procedures (8)","","proposed"
"MM-0117","Renewing a Long-Term Rental While Travelling","Renewing a Long-Term Rental While Travelling","renew rental while travelling","informational","2-monthly","2.2 long-term-living","guide","foreign riders in Hanoi","owner-history","no","none","Dealing with Minor Damage on a Long-Term Rental","Living-with-the-bike logistics, not rental decisions (2.1) or maintenance procedures (8)","","proposed"
"MM-0118","Cleaning and Upkeep Habits","Cleaning and Upkeep Habits for Long-Term Rentals","motorbike cleaning upkeep hanoi","informational","2-monthly","2.2 long-term-living","guide","foreign riders in Hanoi","owner-history","no","none","Renewing a Long-Term Rental While Travelling","Living-with-the-bike logistics, not rental decisions (2.1) or maintenance procedures (8)","","proposed"
"MM-0119","Managing a Rental Motorbike Through Hanoi Humidity","Managing a Rental Motorbike Through Hanoi Humidity","motorbike humidity damage hanoi","informational","2-monthly","2.2 long-term-living","guide","foreign riders in Hanoi","owner-history","no","none","Cleaning and Upkeep Habits for Long-Term Rentals","Living-with-the-bike logistics, not rental decisions (2.1) or maintenance procedures (8)","","proposed"
"MM-0120","When to Ask","When to Ask for a Replacement Bike on a Long-Term Rental","replacement bike long term rental","informational","2-monthly","2.2 long-term-living","guide","foreign riders in Hanoi","owner-history","no","none","Managing a Rental Motorbike Through Hanoi Humidity","Living-with-the-bike logistics, not rental decisions (2.1) or maintenance procedures (8)","","proposed"
"MM-0121","Long-Term Electric Bike Rental in Hanoi","Long-Term Electric Bike Rental in Hanoi","long term electric bike rental hanoi","informational","2-monthly","2.2 long-term-living","guide","foreign riders in Hanoi","owner-history","no","none","When to Ask for a Replacement Bike on a Long-Term Rental","Living-with-the-bike logistics, not rental decisions (2.1) or maintenance procedures (8)","","proposed"
"MM-0122","Long-Term 50cc Rental in Hanoi","Long-Term 50cc Rental in Hanoi","long term 50cc rental hanoi","informational","2-monthly","2.2 long-term-living","guide","foreign riders in Hanoi","owner-history","no","none","Long-Term Electric Bike Rental in Hanoi","Living-with-the-bike logistics, not rental decisions (2.1) or maintenance procedures (8)","","proposed"
"MM-0123","Checklist Before Signing a Long-Term Motorbike Rental","Checklist Before Signing a Long-Term Motorbike Rental","long term rental checklist","informational","2-monthly","2.2 long-term-living","guide","foreign riders in Hanoi","owner-history","no","none","Long-Term 50cc Rental in Hanoi","Living-with-the-bike logistics, not rental decisions (2.1) or maintenance procedures (8)","","proposed"
"MM-0124","Monthly Motorbike Rental","Monthly Motorbike Rental for Teachers: A Practical Guide","monthly motorbike rental teachers hanoi","commercial","2-monthly","2.3 renter-contexts","guide","foreign riders in Hanoi","owner-history","no","none","cluster hub","Persona-specific monthly angles; personas for short rental live in 1.4","","proposed"
"MM-0125","Monthly Motorbike Rental","Monthly Motorbike Rental for Students on a Budget","monthly motorbike rental students","commercial","2-monthly","2.3 renter-contexts","guide","foreign riders in Hanoi","owner-history","no","none","Monthly Motorbike Rental for Teachers: A Practical Guide","Persona-specific monthly angles; personas for short rental live in 1.4","","proposed"
"MM-0126","Monthly Motorbike Rental","Monthly Motorbike Rental for Expat Families","expat family motorbike rental hanoi","commercial","2-monthly","2.3 renter-contexts","guide","foreign riders in Hanoi","owner-history","no","none","Monthly Motorbike Rental for Students on a Budget","Persona-specific monthly angles; personas for short rental live in 1.4","","proposed"
"MM-0127","Monthly Motorbike Rental","Monthly Motorbike Rental for Remote Workers in Hanoi","remote worker motorbike rental hanoi","commercial","2-monthly","2.3 renter-contexts","guide","foreign riders in Hanoi","owner-history","no","none","Monthly Motorbike Rental for Expat Families","Persona-specific monthly angles; personas for short rental live in 1.4","","proposed"
"MM-0128","Monthly Motorbike Rental","Monthly Motorbike Rental for Language Center Staff","language center staff motorbike rental","commercial","2-monthly","2.3 renter-contexts","guide","foreign riders in Hanoi","owner-history","no","none","Monthly Motorbike Rental for Remote Workers in Hanoi","Persona-specific monthly angles; personas for short rental live in 1.4","","proposed"
"MM-0129","First Monthly Rental","First Monthly Rental: What New Hanoi Residents Should Know","first monthly motorbike rental hanoi","commercial","2-monthly","2.3 renter-contexts","guide","foreign riders in Hanoi","owner-history","no","none","Monthly Motorbike Rental for Language Center Staff","Persona-specific monthly angles; personas for short rental live in 1.4","","proposed"
"MM-0130","Monthly Rental","Monthly Rental for Residents Living Outside the Centre","monthly rental hanoi suburbs","commercial","2-monthly","2.3 renter-contexts","guide","foreign riders in Hanoi","owner-history","no","none","First Monthly Rental: What New Hanoi Residents Should Know","Persona-specific monthly angles; personas for short rental live in 1.4","","proposed"
"MM-0131","Monthly Motorbike Rental","Monthly Motorbike Rental for Couples Sharing One Bike","monthly rental couple one bike","commercial","2-monthly","2.3 renter-contexts","guide","foreign riders in Hanoi","owner-history","no","none","Monthly Rental for Residents Living Outside the Centre","Persona-specific monthly angles; personas for short rental live in 1.4","","proposed"
"MM-0132","Monthly Rentals","Monthly Rentals for Schools and Small Teams","motorbike rental team hanoi","commercial","2-monthly","2.3 renter-contexts","guide","foreign riders in Hanoi","owner-history","no","none","Monthly Motorbike Rental for Couples Sharing One Bike","Persona-specific monthly angles; personas for short rental live in 1.4","","proposed"
"MM-0133","Moving to Hanoi","Moving to Hanoi: Renting a Motorbike Before You Settle","rent motorbike when moving to hanoi","commercial","2-monthly","2.3 renter-contexts","guide","foreign riders in Hanoi","owner-history","no","none","Monthly Rentals for Schools and Small Teams","Persona-specific monthly angles; personas for short rental live in 1.4","","proposed"
"MM-0134","Honda Vision Review","Honda Vision Review: Specs, Pros and Cons for Riders in Vietnam","honda vision review vietnam","commercial","3-scooters","3.1 scooter-reviews","review","foreign riders in Hanoi","skeleton","yes","spec verification (R3)","cluster hub","One review per model entity; comparisons of two models live in 3.2","model database, fleet page if applicable","proposed"
"MM-0135","Honda Air Blade Review","Honda Air Blade Review: Specs, Pros and Cons for Riders in Vietnam","honda air blade review vietnam","commercial","3-scooters","3.1 scooter-reviews","review","foreign riders in Hanoi","skeleton","yes","spec verification (R3)","Honda Vision Review: Specs, Pros and Cons for Riders in Vietnam","One review per model entity; comparisons of two models live in 3.2","model database, fleet page if applicable","proposed"
"MM-0136","Honda Lead Review","Honda Lead Review: Specs, Pros and Cons for Riders in Vietnam","honda lead review vietnam","commercial","3-scooters","3.1 scooter-reviews","review","foreign riders in Hanoi","skeleton","yes","spec verification (R3)","Honda Air Blade Review: Specs, Pros and Cons for Riders in Vietnam","One review per model entity; comparisons of two models live in 3.2","model database, fleet page if applicable","proposed"
"MM-0137","Honda SH Review","Honda SH Review: Specs, Pros and Cons for Riders in Vietnam","honda sh review vietnam","commercial","3-scooters","3.1 scooter-reviews","review","foreign riders in Hanoi","skeleton","yes","spec verification (R3)","Honda Lead Review: Specs, Pros and Cons for Riders in Vietnam","One review per model entity; comparisons of two models live in 3.2","model database, fleet page if applicable","proposed"
"MM-0138","Honda SH Mode Review","Honda SH Mode Review: Specs, Pros and Cons for Riders in Vietnam","honda sh mode review vietnam","commercial","3-scooters","3.1 scooter-reviews","review","foreign riders in Hanoi","skeleton","yes","spec verification (R3)","Honda SH Review: Specs, Pros and Cons for Riders in Vietnam","One review per model entity; comparisons of two models live in 3.2","model database, fleet page if applicable","proposed"
"MM-0139","Honda Vario Review","Honda Vario Review: Specs, Pros and Cons for Riders in Vietnam","honda vario review vietnam","commercial","3-scooters","3.1 scooter-reviews","review","foreign riders in Hanoi","skeleton","yes","spec verification (R3)","Honda SH Mode Review: Specs, Pros and Cons for Riders in Vietnam","One review per model entity; comparisons of two models live in 3.2","model database, fleet page if applicable","proposed"
"MM-0140","Honda Click Review","Honda Click Review: Specs, Pros and Cons for Riders in Vietnam","honda click review vietnam","commercial","3-scooters","3.1 scooter-reviews","review","foreign riders in Hanoi","skeleton","yes","spec verification (R3)","Honda Vario Review: Specs, Pros and Cons for Riders in Vietnam","One review per model entity; comparisons of two models live in 3.2","model database, fleet page if applicable","proposed"
"MM-0141","Honda PCX Review","Honda PCX Review: Specs, Pros and Cons for Riders in Vietnam","honda pcx review vietnam","commercial","3-scooters","3.1 scooter-reviews","review","foreign riders in Hanoi","skeleton","yes","spec verification (R3)","Honda Click Review: Specs, Pros and Cons for Riders in Vietnam","One review per model entity; comparisons of two models live in 3.2","model database, fleet page if applicable","proposed"
"MM-0142","Honda Grancube/GR Review","Honda Grancube/GR Review: Specs, Pros and Cons for Riders in Vietnam","honda grancube/gr review vietnam","commercial","3-scooters","3.1 scooter-reviews","review","foreign riders in Hanoi","skeleton","yes","spec verification (R3)","Honda PCX Review: Specs, Pros and Cons for Riders in Vietnam","One review per model entity; comparisons of two models live in 3.2","model database, fleet page if applicable","proposed"
"MM-0143","Yamaha Janus Review","Yamaha Janus Review: Specs, Pros and Cons for Riders in Vietnam","yamaha janus review vietnam","commercial","3-scooters","3.1 scooter-reviews","review","foreign riders in Hanoi","skeleton","yes","spec verification (R3)","Honda Grancube/GR Review: Specs, Pros and Cons for Riders in Vietnam","One review per model entity; comparisons of two models live in 3.2","model database, fleet page if applicable","proposed"
"MM-0144","Yamaha Grande Review","Yamaha Grande Review: Specs, Pros and Cons for Riders in Vietnam","yamaha grande review vietnam","commercial","3-scooters","3.1 scooter-reviews","review","foreign riders in Hanoi","skeleton","yes","spec verification (R3)","Yamaha Janus Review: Specs, Pros and Cons for Riders in Vietnam","One review per model entity; comparisons of two models live in 3.2","model database, fleet page if applicable","proposed"
"MM-0145","Yamaha FreeGo Review","Yamaha FreeGo Review: Specs, Pros and Cons for Riders in Vietnam","yamaha freego review vietnam","commercial","3-scooters","3.1 scooter-reviews","review","foreign riders in Hanoi","skeleton","yes","spec verification (R3)","Yamaha Grande Review: Specs, Pros and Cons for Riders in Vietnam","One review per model entity; comparisons of two models live in 3.2","model database, fleet page if applicable","proposed"
"MM-0146","Yamaha Latigo Review","Yamaha Latigo Review: Specs, Pros and Cons for Riders in Vietnam","yamaha latigo review vietnam","commercial","3-scooters","3.1 scooter-reviews","review","foreign riders in Hanoi","skeleton","yes","spec verification (R3)","Yamaha FreeGo Review: Specs, Pros and Cons for Riders in Vietnam","One review per model entity; comparisons of two models live in 3.2","model database, fleet page if applicable","proposed"
"MM-0147","Yamaha NVX Review","Yamaha NVX Review: Specs, Pros and Cons for Riders in Vietnam","yamaha nvx review vietnam","commercial","3-scooters","3.1 scooter-reviews","review","foreign riders in Hanoi","skeleton","yes","spec verification (R3)","Yamaha Latigo Review: Specs, Pros and Cons for Riders in Vietnam","One review per model entity; comparisons of two models live in 3.2","model database, fleet page if applicable","proposed"
"MM-0148","Suzuki Address Review","Suzuki Address Review: Specs, Pros and Cons for Riders in Vietnam","suzuki address review vietnam","commercial","3-scooters","3.1 scooter-reviews","review","foreign riders in Hanoi","skeleton","yes","spec verification (R3)","Yamaha NVX Review: Specs, Pros and Cons for Riders in Vietnam","One review per model entity; comparisons of two models live in 3.2","model database, fleet page if applicable","proposed"
"MM-0149","Suzuki Burgman Review","Suzuki Burgman Review: Specs, Pros and Cons for Riders in Vietnam","suzuki burgman review vietnam","commercial","3-scooters","3.1 scooter-reviews","review","foreign riders in Hanoi","skeleton","yes","spec verification (R3)","Suzuki Address Review: Specs, Pros and Cons for Riders in Vietnam","One review per model entity; comparisons of two models live in 3.2","model database, fleet page if applicable","proposed"
"MM-0150","Suzuki Smash Review","Suzuki Smash Review: Specs, Pros and Cons for Riders in Vietnam","suzuki smash review vietnam","commercial","3-scooters","3.1 scooter-reviews","review","foreign riders in Hanoi","skeleton","yes","spec verification (R3)","Suzuki Burgman Review: Specs, Pros and Cons for Riders in Vietnam","One review per model entity; comparisons of two models live in 3.2","model database, fleet page if applicable","proposed"
"MM-0151","Vespa Primavera Review","Vespa Primavera Review: Specs, Pros and Cons for Riders in Vietnam","vespa primavera review vietnam","commercial","3-scooters","3.1 scooter-reviews","review","foreign riders in Hanoi","skeleton","yes","spec verification (R3)","Suzuki Smash Review: Specs, Pros and Cons for Riders in Vietnam","One review per model entity; comparisons of two models live in 3.2","model database, fleet page if applicable","proposed"
"MM-0152","Vespa Sprint Review","Vespa Sprint Review: Specs, Pros and Cons for Riders in Vietnam","vespa sprint review vietnam","commercial","3-scooters","3.1 scooter-reviews","review","foreign riders in Hanoi","skeleton","yes","spec verification (R3)","Vespa Primavera Review: Specs, Pros and Cons for Riders in Vietnam","One review per model entity; comparisons of two models live in 3.2","model database, fleet page if applicable","proposed"
"MM-0153","Vespa GTS Review","Vespa GTS Review: Specs, Pros and Cons for Riders in Vietnam","vespa gts review vietnam","commercial","3-scooters","3.1 scooter-reviews","review","foreign riders in Hanoi","skeleton","yes","spec verification (R3)","Vespa Sprint Review: Specs, Pros and Cons for Riders in Vietnam","One review per model entity; comparisons of two models live in 3.2","model database, fleet page if applicable","proposed"
"MM-0154","Vespa LX Review","Vespa LX Review: Specs, Pros and Cons for Riders in Vietnam","vespa lx review vietnam","commercial","3-scooters","3.1 scooter-reviews","review","foreign riders in Hanoi","skeleton","yes","spec verification (R3)","Vespa GTS Review: Specs, Pros and Cons for Riders in Vietnam","One review per model entity; comparisons of two models live in 3.2","model database, fleet page if applicable","proposed"
"MM-0155","Piaggio Liberty Review","Piaggio Liberty Review: Specs, Pros and Cons for Riders in Vietnam","piaggio liberty review vietnam","commercial","3-scooters","3.1 scooter-reviews","review","foreign riders in Hanoi","skeleton","yes","spec verification (R3)","Vespa LX Review: Specs, Pros and Cons for Riders in Vietnam","One review per model entity; comparisons of two models live in 3.2","model database, fleet page if applicable","proposed"
"MM-0156","Piaggio Medley Review","Piaggio Medley Review: Specs, Pros and Cons for Riders in Vietnam","piaggio medley review vietnam","commercial","3-scooters","3.1 scooter-reviews","review","foreign riders in Hanoi","skeleton","yes","spec verification (R3)","Piaggio Liberty Review: Specs, Pros and Cons for Riders in Vietnam","One review per model entity; comparisons of two models live in 3.2","model database, fleet page if applicable","proposed"
"MM-0157","Piaggio Zip Review","Piaggio Zip Review: Specs, Pros and Cons for Riders in Vietnam","piaggio zip review vietnam","commercial","3-scooters","3.1 scooter-reviews","review","foreign riders in Hanoi","skeleton","yes","spec verification (R3)","Piaggio Medley Review: Specs, Pros and Cons for Riders in Vietnam","One review per model entity; comparisons of two models live in 3.2","model database, fleet page if applicable","proposed"
"MM-0158","SYM Elegant Review","SYM Elegant Review: Specs, Pros and Cons for Riders in Vietnam","sym elegant review vietnam","commercial","3-scooters","3.1 scooter-reviews","review","foreign riders in Hanoi","skeleton","yes","spec verification (R3)","Piaggio Zip Review: Specs, Pros and Cons for Riders in Vietnam","One review per model entity; comparisons of two models live in 3.2","model database, fleet page if applicable","proposed"
"MM-0159","SYM Attila Review","SYM Attila Review: Specs, Pros and Cons for Riders in Vietnam","sym attila review vietnam","commercial","3-scooters","3.1 scooter-reviews","review","foreign riders in Hanoi","skeleton","yes","spec verification (R3)","SYM Elegant Review: Specs, Pros and Cons for Riders in Vietnam","One review per model entity; comparisons of two models live in 3.2","model database, fleet page if applicable","proposed"
"MM-0160","SYM Excel Review","SYM Excel Review: Specs, Pros and Cons for Riders in Vietnam","sym excel review vietnam","commercial","3-scooters","3.1 scooter-reviews","review","foreign riders in Hanoi","skeleton","yes","spec verification (R3)","SYM Attila Review: Specs, Pros and Cons for Riders in Vietnam","One review per model entity; comparisons of two models live in 3.2","model database, fleet page if applicable","proposed"
"MM-0161","Kymco Like Review","Kymco Like Review: Specs, Pros and Cons for Riders in Vietnam","kymco like review vietnam","commercial","3-scooters","3.1 scooter-reviews","review","foreign riders in Hanoi","skeleton","yes","spec verification (R3)","SYM Excel Review: Specs, Pros and Cons for Riders in Vietnam","One review per model entity; comparisons of two models live in 3.2","model database, fleet page if applicable","proposed"
"MM-0162","Honda Dio Review","Honda Dio Review: Specs, Pros and Cons for Riders in Vietnam","honda dio review vietnam","commercial","3-scooters","3.1 scooter-reviews","review","foreign riders in Hanoi","skeleton","yes","spec verification (R3)","Kymco Like Review: Specs, Pros and Cons for Riders in Vietnam","One review per model entity; comparisons of two models live in 3.2","model database, fleet page if applicable","proposed"
"MM-0163","Yamaha Mio Review","Yamaha Mio Review: Specs, Pros and Cons for Riders in Vietnam","yamaha mio review vietnam","commercial","3-scooters","3.1 scooter-reviews","review","foreign riders in Hanoi","skeleton","yes","spec verification (R3)","Honda Dio Review: Specs, Pros and Cons for Riders in Vietnam","One review per model entity; comparisons of two models live in 3.2","model database, fleet page if applicable","proposed"
"MM-0164","Honda Vision 2025 Review","Honda Vision 2025 Review: Specs, Pros and Cons for Riders in Vietnam","honda vision 2025 review vietnam","commercial","3-scooters","3.1 scooter-reviews","review","foreign riders in Hanoi","skeleton","yes","spec verification (R3)","Yamaha Mio Review: Specs, Pros and Cons for Riders in Vietnam","One review per model entity; comparisons of two models live in 3.2","model database, fleet page if applicable","proposed"
"MM-0165","Honda Air Blade 2025 Review","Honda Air Blade 2025 Review: Specs, Pros and Cons for Riders in Vietnam","honda air blade 2025 review vietnam","commercial","3-scooters","3.1 scooter-reviews","review","foreign riders in Hanoi","skeleton","yes","spec verification (R3)","Honda Vision 2025 Review: Specs, Pros and Cons for Riders in Vietnam","One review per model entity; comparisons of two models live in 3.2","model database, fleet page if applicable","proposed"
"MM-0166","Honda SH 2025 Review","Honda SH 2025 Review: Specs, Pros and Cons for Riders in Vietnam","honda sh 2025 review vietnam","commercial","3-scooters","3.1 scooter-reviews","review","foreign riders in Hanoi","skeleton","yes","spec verification (R3)","Honda Air Blade 2025 Review: Specs, Pros and Cons for Riders in Vietnam","One review per model entity; comparisons of two models live in 3.2","model database, fleet page if applicable","proposed"
"MM-0167","Yamaha Janus 2025 Review","Yamaha Janus 2025 Review: Specs, Pros and Cons for Riders in Vietnam","yamaha janus 2025 review vietnam","commercial","3-scooters","3.1 scooter-reviews","review","foreign riders in Hanoi","skeleton","yes","spec verification (R3)","Honda SH 2025 Review: Specs, Pros and Cons for Riders in Vietnam","One review per model entity; comparisons of two models live in 3.2","model database, fleet page if applicable","proposed"
"MM-0168","Honda Lead 2025 Review","Honda Lead 2025 Review: Specs, Pros and Cons for Riders in Vietnam","honda lead 2025 review vietnam","commercial","3-scooters","3.1 scooter-reviews","review","foreign riders in Hanoi","skeleton","yes","spec verification (R3)","Yamaha Janus 2025 Review: Specs, Pros and Cons for Riders in Vietnam","One review per model entity; comparisons of two models live in 3.2","model database, fleet page if applicable","proposed"
"MM-0169","Yamaha Grande 2025 Review","Yamaha Grande 2025 Review: Specs, Pros and Cons for Riders in Vietnam","yamaha grande 2025 review vietnam","commercial","3-scooters","3.1 scooter-reviews","review","foreign riders in Hanoi","skeleton","yes","spec verification (R3)","Honda Lead 2025 Review: Specs, Pros and Cons for Riders in Vietnam","One review per model entity; comparisons of two models live in 3.2","model database, fleet page if applicable","proposed"
"MM-0170","Vespa Primavera 2025 Review","Vespa Primavera 2025 Review: Specs, Pros and Cons for Riders in Vietnam","vespa primavera 2025 review vietnam","commercial","3-scooters","3.1 scooter-reviews","review","foreign riders in Hanoi","skeleton","yes","spec verification (R3)","Yamaha Grande 2025 Review: Specs, Pros and Cons for Riders in Vietnam","One review per model entity; comparisons of two models live in 3.2","model database, fleet page if applicable","proposed"
"MM-0171","Piaggio Liberty 2025 Review","Piaggio Liberty 2025 Review: Specs, Pros and Cons for Riders in Vietnam","piaggio liberty 2025 review vietnam","commercial","3-scooters","3.1 scooter-reviews","review","foreign riders in Hanoi","skeleton","yes","spec verification (R3)","Vespa Primavera 2025 Review: Specs, Pros and Cons for Riders in Vietnam","One review per model entity; comparisons of two models live in 3.2","model database, fleet page if applicable","proposed"
"MM-0172","Honda Click 2025 Review","Honda Click 2025 Review: Specs, Pros and Cons for Riders in Vietnam","honda click 2025 review vietnam","commercial","3-scooters","3.1 scooter-reviews","review","foreign riders in Hanoi","skeleton","yes","spec verification (R3)","Piaggio Liberty 2025 Review: Specs, Pros and Cons for Riders in Vietnam","One review per model entity; comparisons of two models live in 3.2","model database, fleet page if applicable","proposed"
"MM-0173","Yamaha FreeGo 2025 Review","Yamaha FreeGo 2025 Review: Specs, Pros and Cons for Riders in Vietnam","yamaha freego 2025 review vietnam","commercial","3-scooters","3.1 scooter-reviews","review","foreign riders in Hanoi","skeleton","yes","spec verification (R3)","Honda Click 2025 Review: Specs, Pros and Cons for Riders in Vietnam","One review per model entity; comparisons of two models live in 3.2","model database, fleet page if applicable","proposed"
"MM-0174","Suzuki Address 2025 Review","Suzuki Address 2025 Review: Specs, Pros and Cons for Riders in Vietnam","suzuki address 2025 review vietnam","commercial","3-scooters","3.1 scooter-reviews","review","foreign riders in Hanoi","skeleton","yes","spec verification (R3)","Yamaha FreeGo 2025 Review: Specs, Pros and Cons for Riders in Vietnam","One review per model entity; comparisons of two models live in 3.2","model database, fleet page if applicable","proposed"
"MM-0175","Honda SH Mode 2025 Review","Honda SH Mode 2025 Review: Specs, Pros and Cons for Riders in Vietnam","honda sh mode 2025 review vietnam","commercial","3-scooters","3.1 scooter-reviews","review","foreign riders in Hanoi","skeleton","yes","spec verification (R3)","Suzuki Address 2025 Review: Specs, Pros and Cons for Riders in Vietnam","One review per model entity; comparisons of two models live in 3.2","model database, fleet page if applicable","proposed"
"MM-0176","SYM Elegant 2025 Review","SYM Elegant 2025 Review: Specs, Pros and Cons for Riders in Vietnam","sym elegant 2025 review vietnam","commercial","3-scooters","3.1 scooter-reviews","review","foreign riders in Hanoi","skeleton","yes","spec verification (R3)","Honda SH Mode 2025 Review: Specs, Pros and Cons for Riders in Vietnam","One review per model entity; comparisons of two models live in 3.2","model database, fleet page if applicable","proposed"
"MM-0177","Kymco Like 2025 Review","Kymco Like 2025 Review: Specs, Pros and Cons for Riders in Vietnam","kymco like 2025 review vietnam","commercial","3-scooters","3.1 scooter-reviews","review","foreign riders in Hanoi","skeleton","yes","spec verification (R3)","SYM Elegant 2025 Review: Specs, Pros and Cons for Riders in Vietnam","One review per model entity; comparisons of two models live in 3.2","model database, fleet page if applicable","proposed"
"MM-0178","Honda Dio 2025 Review","Honda Dio 2025 Review: Specs, Pros and Cons for Riders in Vietnam","honda dio 2025 review vietnam","commercial","3-scooters","3.1 scooter-reviews","review","foreign riders in Hanoi","skeleton","yes","spec verification (R3)","Kymco Like 2025 Review: Specs, Pros and Cons for Riders in Vietnam","One review per model entity; comparisons of two models live in 3.2","model database, fleet page if applicable","proposed"
"MM-0179","Honda Vision","Honda Vision vs Yamaha Janus: Which Should You Choose?","honda vision vs yamaha janus","commercial","3-scooters","3.2 scooter-comparisons","comparison","foreign riders in Hanoi","skeleton","yes","spec verification (R3)","cluster hub","Head-to-head decision intent; does not restate full reviews of each model","both model reviews","proposed"
"MM-0180","Honda Air Blade","Honda Air Blade vs Honda SH: Which Should You Choose?","air blade vs honda sh","commercial","3-scooters","3.2 scooter-comparisons","comparison","foreign riders in Hanoi","skeleton","yes","spec verification (R3)","Honda Vision vs Yamaha Janus: Which Should You Choose?","Head-to-head decision intent; does not restate full reviews of each model","both model reviews","proposed"
"MM-0181","Honda Vision","Honda Vision vs Honda Lead: Which Should You Choose?","honda vision vs honda lead","commercial","3-scooters","3.2 scooter-comparisons","comparison","foreign riders in Hanoi","skeleton","yes","spec verification (R3)","Honda Air Blade vs Honda SH: Which Should You Choose?","Head-to-head decision intent; does not restate full reviews of each model","both model reviews","proposed"
"MM-0182","Honda Air Blade","Honda Air Blade vs Yamaha FreeGo: Which Should You Choose?","air blade vs freego","commercial","3-scooters","3.2 scooter-comparisons","comparison","foreign riders in Hanoi","skeleton","yes","spec verification (R3)","Honda Vision vs Honda Lead: Which Should You Choose?","Head-to-head decision intent; does not restate full reviews of each model","both model reviews","proposed"
"MM-0183","Yamaha Grande","Yamaha Grande vs Yamaha FreeGo: Which Should You Choose?","grande vs freego","commercial","3-scooters","3.2 scooter-comparisons","comparison","foreign riders in Hanoi","skeleton","yes","spec verification (R3)","Honda Air Blade vs Yamaha FreeGo: Which Should You Choose?","Head-to-head decision intent; does not restate full reviews of each model","both model reviews","proposed"
"MM-0184","Yamaha Grande","Yamaha Grande vs Honda Vision: Which Should You Choose?","yamaha grande vs honda vision","commercial","3-scooters","3.2 scooter-comparisons","comparison","foreign riders in Hanoi","skeleton","yes","spec verification (R3)","Yamaha Grande vs Yamaha FreeGo: Which Should You Choose?","Head-to-head decision intent; does not restate full reviews of each model","both model reviews","proposed"
"MM-0185","Piaggio Liberty","Piaggio Liberty vs Honda Vision: Which Should You Choose?","liberty vs honda vision","commercial","3-scooters","3.2 scooter-comparisons","comparison","foreign riders in Hanoi","skeleton","yes","spec verification (R3)","Yamaha Grande vs Honda Vision: Which Should You Choose?","Head-to-head decision intent; does not restate full reviews of each model","both model reviews","proposed"
"MM-0186","Vespa Primavera","Vespa Primavera vs Vespa Sprint: Which Should You Choose?","primavera vs sprint","commercial","3-scooters","3.2 scooter-comparisons","comparison","foreign riders in Hanoi","skeleton","yes","spec verification (R3)","Piaggio Liberty vs Honda Vision: Which Should You Choose?","Head-to-head decision intent; does not restate full reviews of each model","both model reviews","proposed"
"MM-0187","Vespa Primavera","Vespa Primavera vs Honda Vision: Which Should You Choose?","vespa vs honda vision","commercial","3-scooters","3.2 scooter-comparisons","comparison","foreign riders in Hanoi","skeleton","yes","spec verification (R3)","Vespa Primavera vs Vespa Sprint: Which Should You Choose?","Head-to-head decision intent; does not restate full reviews of each model","both model reviews","proposed"
"MM-0188","Honda SH","Honda SH vs Honda SH Mode: Which Should You Choose?","honda sh vs sh mode","commercial","3-scooters","3.2 scooter-comparisons","comparison","foreign riders in Hanoi","skeleton","yes","spec verification (R3)","Vespa Primavera vs Honda Vision: Which Should You Choose?","Head-to-head decision intent; does not restate full reviews of each model","both model reviews","proposed"
"MM-0189","Honda Click","Honda Click vs Honda Vision: Which Should You Choose?","honda click vs vision","commercial","3-scooters","3.2 scooter-comparisons","comparison","foreign riders in Hanoi","skeleton","yes","spec verification (R3)","Honda SH vs Honda SH Mode: Which Should You Choose?","Head-to-head decision intent; does not restate full reviews of each model","both model reviews","proposed"
"MM-0190","Honda Click","Honda Click vs Yamaha Mio: Which Should You Choose?","click vs yamaha mio","commercial","3-scooters","3.2 scooter-comparisons","comparison","foreign riders in Hanoi","skeleton","yes","spec verification (R3)","Honda Click vs Honda Vision: Which Should You Choose?","Head-to-head decision intent; does not restate full reviews of each model","both model reviews","proposed"
"MM-0191","Suzuki Address","Suzuki Address vs Honda Vision: Which Should You Choose?","suzuki address vs vision","commercial","3-scooters","3.2 scooter-comparisons","comparison","foreign riders in Hanoi","skeleton","yes","spec verification (R3)","Honda Click vs Yamaha Mio: Which Should You Choose?","Head-to-head decision intent; does not restate full reviews of each model","both model reviews","proposed"
"MM-0192","SYM Elegant","SYM Elegant vs Honda Vision: Which Should You Choose?","sym elegant vs vision","commercial","3-scooters","3.2 scooter-comparisons","comparison","foreign riders in Hanoi","skeleton","yes","spec verification (R3)","Suzuki Address vs Honda Vision: Which Should You Choose?","Head-to-head decision intent; does not restate full reviews of each model","both model reviews","proposed"
"MM-0193","Honda PCX","Honda PCX vs Honda Air Blade: Which Should You Choose?","pcx vs air blade","commercial","3-scooters","3.2 scooter-comparisons","comparison","foreign riders in Hanoi","skeleton","yes","spec verification (R3)","SYM Elegant vs Honda Vision: Which Should You Choose?","Head-to-head decision intent; does not restate full reviews of each model","both model reviews","proposed"
"MM-0194","Yamaha NVX","Yamaha NVX vs Honda Air Blade: Which Should You Choose?","nvx vs air blade","commercial","3-scooters","3.2 scooter-comparisons","comparison","foreign riders in Hanoi","skeleton","yes","spec verification (R3)","Honda PCX vs Honda Air Blade: Which Should You Choose?","Head-to-head decision intent; does not restate full reviews of each model","both model reviews","proposed"
"MM-0195","Vespa GTS","Vespa GTS vs Honda SH: Which Should You Choose?","vespa gts vs honda sh","commercial","3-scooters","3.2 scooter-comparisons","comparison","foreign riders in Hanoi","skeleton","yes","spec verification (R3)","Yamaha NVX vs Honda Air Blade: Which Should You Choose?","Head-to-head decision intent; does not restate full reviews of each model","both model reviews","proposed"
"MM-0196","Piaggio Medley","Piaggio Medley vs Honda SH: Which Should You Choose?","medley vs honda sh","commercial","3-scooters","3.2 scooter-comparisons","comparison","foreign riders in Hanoi","skeleton","yes","spec verification (R3)","Vespa GTS vs Honda SH: Which Should You Choose?","Head-to-head decision intent; does not restate full reviews of each model","both model reviews","proposed"
"MM-0197","Honda Vario","Honda Vario vs Yamaha FreeGo: Which Should You Choose?","vario vs freego","commercial","3-scooters","3.2 scooter-comparisons","comparison","foreign riders in Hanoi","skeleton","yes","spec verification (R3)","Piaggio Medley vs Honda SH: Which Should You Choose?","Head-to-head decision intent; does not restate full reviews of each model","both model reviews","proposed"
"MM-0198","Kymco Like","Kymco Like vs Vespa Primavera: Which Should You Choose?","kymco like vs primavera","commercial","3-scooters","3.2 scooter-comparisons","comparison","foreign riders in Hanoi","skeleton","yes","spec verification (R3)","Honda Vario vs Yamaha FreeGo: Which Should You Choose?","Head-to-head decision intent; does not restate full reviews of each model","both model reviews","proposed"
"MM-0199","Honda Dio","Honda Dio vs Yamaha Mio: Which Should You Choose?","dio vs mio","commercial","3-scooters","3.2 scooter-comparisons","comparison","foreign riders in Hanoi","skeleton","yes","spec verification (R3)","Kymco Like vs Vespa Primavera: Which Should You Choose?","Head-to-head decision intent; does not restate full reviews of each model","both model reviews","proposed"
"MM-0200","Suzuki Burgman","Suzuki Burgman vs Honda PCX: Which Should You Choose?","burgman vs pcx","commercial","3-scooters","3.2 scooter-comparisons","comparison","foreign riders in Hanoi","skeleton","yes","spec verification (R3)","Honda Dio vs Yamaha Mio: Which Should You Choose?","Head-to-head decision intent; does not restate full reviews of each model","both model reviews","proposed"
"MM-0201","Best 110cc Scooters in Vietnam Compared","Best 110cc Scooters in Vietnam Compared: Which Should You Choose?","best 110cc scooter vietnam","commercial","3-scooters","3.2 scooter-comparisons","comparison","foreign riders in Hanoi","skeleton","yes","spec verification (R3)","Suzuki Burgman vs Honda PCX: Which Should You Choose?","Head-to-head decision intent; does not restate full reviews of each model","both model reviews","proposed"
"MM-0202","Best 125cc Scooters in Vietnam Compared","Best 125cc Scooters in Vietnam Compared: Which Should You Choose?","best 125cc scooter vietnam","commercial","3-scooters","3.2 scooter-comparisons","comparison","foreign riders in Hanoi","skeleton","yes","spec verification (R3)","Best 110cc Scooters in Vietnam Compared: Which Should You Choose?","Head-to-head decision intent; does not restate full reviews of each model","both model reviews","proposed"
"MM-0203","Best 150cc+ Scooters in Vietnam Compared","Best 150cc+ Scooters in Vietnam Compared: Which Should You Choose?","best 150cc scooter vietnam","commercial","3-scooters","3.2 scooter-comparisons","comparison","foreign riders in Hanoi","skeleton","yes","spec verification (R3)","Best 125cc Scooters in Vietnam Compared: Which Should You Choose?","Head-to-head decision intent; does not restate full reviews of each model","both model reviews","proposed"
"MM-0204","Cheapest Scooters to Run in Vietnam","Cheapest Scooters to Run in Vietnam: Which Should You Choose?","most fuel efficient scooter vietnam","commercial","3-scooters","3.2 scooter-comparisons","comparison","foreign riders in Hanoi","skeleton","yes","spec verification (R3)","Best 150cc+ Scooters in Vietnam Compared: Which Should You Choose?","Head-to-head decision intent; does not restate full reviews of each model","both model reviews","proposed"
"MM-0205","Scooters with the Best Resale Value in Vietnam","Scooters with the Best Resale Value in Vietnam: Which Should You Choose?","scooter resale value vietnam","commercial","3-scooters","3.2 scooter-comparisons","comparison","foreign riders in Hanoi","skeleton","yes","spec verification (R3)","Cheapest Scooters to Run in Vietnam: Which Should You Choose?","Head-to-head decision intent; does not restate full reviews of each model","both model reviews","proposed"
"MM-0206","Best Scooters","Best Scooters for Tall Riders in Vietnam: Which Should You Choose?","best scooter tall riders vietnam","commercial","3-scooters","3.2 scooter-comparisons","comparison","foreign riders in Hanoi","skeleton","yes","spec verification (R3)","Scooters with the Best Resale Value in Vietnam: Which Should You Choose?","Head-to-head decision intent; does not restate full reviews of each model","both model reviews","proposed"
"MM-0207","Best Scooters","Best Scooters for Two-Up Riding in Vietnam: Which Should You Choose?","best scooter for 2 passengers vietnam","commercial","3-scooters","3.2 scooter-comparisons","comparison","foreign riders in Hanoi","skeleton","yes","spec verification (R3)","Best Scooters for Tall Riders in Vietnam: Which Should You Choose?","Head-to-head decision intent; does not restate full reviews of each model","both model reviews","proposed"
"MM-0208","Best Scooters","Best Scooters for Beginners in Vietnam: Which Should You Choose?","best beginner scooter vietnam","commercial","3-scooters","3.2 scooter-comparisons","comparison","foreign riders in Hanoi","skeleton","yes","spec verification (R3)","Best Scooters for Two-Up Riding in Vietnam: Which Should You Choose?","Head-to-head decision intent; does not restate full reviews of each model","both model reviews","proposed"
"MM-0209","Best Scooters","Best Scooters for City Commuting in Vietnam: Which Should You Choose?","best commuter scooter vietnam","commercial","3-scooters","3.2 scooter-comparisons","comparison","foreign riders in Hanoi","skeleton","yes","spec verification (R3)","Best Scooters for Beginners in Vietnam: Which Should You Choose?","Head-to-head decision intent; does not restate full reviews of each model","both model reviews","proposed"
"MM-0210","Honda","Honda vs Yamaha Scooters in Vietnam: Which Should You Choose?","honda vs yamaha scooter","commercial","3-scooters","3.2 scooter-comparisons","comparison","foreign riders in Hanoi","skeleton","yes","spec verification (R3)","Best Scooters for City Commuting in Vietnam: Which Should You Choose?","Head-to-head decision intent; does not restate full reviews of each model","both model reviews","proposed"
"MM-0211","Vespa","Vespa vs Japanese Scooters: Worth the Premium?: Which Should You Choose?","vespa worth it vietnam","commercial","3-scooters","3.2 scooter-comparisons","comparison","foreign riders in Hanoi","skeleton","yes","spec verification (R3)","Honda vs Yamaha Scooters in Vietnam: Which Should You Choose?","Head-to-head decision intent; does not restate full reviews of each model","both model reviews","proposed"
"MM-0212","Scooters with Largest Under-Seat Storage","Scooters with Largest Under-Seat Storage: Which Should You Choose?","scooter storage space comparison","commercial","3-scooters","3.2 scooter-comparisons","comparison","foreign riders in Hanoi","skeleton","yes","spec verification (R3)","Vespa vs Japanese Scooters: Worth the Premium?: Which Should You Choose?","Head-to-head decision intent; does not restate full reviews of each model","both model reviews","proposed"
"MM-0213","Best Lightweight Scooters","Best Lightweight Scooters for New Riders: Which Should You Choose?","lightweight scooter vietnam","commercial","3-scooters","3.2 scooter-comparisons","comparison","foreign riders in Hanoi","skeleton","yes","spec verification (R3)","Scooters with Largest Under-Seat Storage: Which Should You Choose?","Head-to-head decision intent; does not restate full reviews of each model","both model reviews","proposed"
"MM-0214","How to Choose a Scooter in Vietnam","How to Choose a Scooter in Vietnam: A Buyer Framework","how to choose scooter vietnam","commercial","3-scooters","3.3 scooter-choosing","guide","foreign riders in Hanoi","skeleton","yes","R3/R1 where cited","cluster hub","Guidance by rider need, not by model pair","","proposed"
"MM-0215","New","New vs Used Scooters in Vietnam","new vs used scooter vietnam","commercial","3-scooters","3.3 scooter-choosing","guide","foreign riders in Hanoi","skeleton","yes","R3/R1 where cited","How to Choose a Scooter in Vietnam: A Buyer Framework","Guidance by rider need, not by model pair","","proposed"
"MM-0216","What Scooter Size Do You Need in Vietnam?","What Scooter Size Do You Need in Vietnam?","what cc scooter vietnam","commercial","3-scooters","3.3 scooter-choosing","guide","foreign riders in Hanoi","skeleton","yes","R3/R1 where cited","New vs Used Scooters in Vietnam","Guidance by rider need, not by model pair","","proposed"
"MM-0217","Fuel-Injected","Fuel-Injected vs Carburettor Scooters","fi vs carburettor scooter","commercial","3-scooters","3.3 scooter-choosing","guide","foreign riders in Hanoi","skeleton","yes","R3/R1 where cited","What Scooter Size Do You Need in Vietnam?","Guidance by rider need, not by model pair","","proposed"
"MM-0218","Understanding Scooter Fuel Economy in Vietnam","Understanding Scooter Fuel Economy in Vietnam","scooter fuel consumption vietnam","commercial","3-scooters","3.3 scooter-choosing","guide","foreign riders in Hanoi","skeleton","yes","R3/R1 where cited","Fuel-Injected vs Carburettor Scooters","Guidance by rider need, not by model pair","","proposed"
"MM-0219","CBS and ABS on Scooters","CBS and ABS on Scooters: What They Mean for You","cbs abs scooter explained","commercial","3-scooters","3.3 scooter-choosing","guide","foreign riders in Hanoi","skeleton","yes","R3/R1 where cited","Understanding Scooter Fuel Economy in Vietnam","Guidance by rider need, not by model pair","","proposed"
"MM-0220","Scooter Seat Height Guide","Scooter Seat Height Guide for Foreign Riders","scooter seat height guide","commercial","3-scooters","3.3 scooter-choosing","guide","foreign riders in Hanoi","skeleton","yes","R3/R1 where cited","CBS and ABS on Scooters: What They Mean for You","Guidance by rider need, not by model pair","","proposed"
"MM-0221","Scooter Weight and Maneuverability in City Traffic","Scooter Weight and Maneuverability in City Traffic","scooter weight city traffic","commercial","3-scooters","3.3 scooter-choosing","guide","foreign riders in Hanoi","skeleton","yes","R3/R1 where cited","Scooter Seat Height Guide for Foreign Riders","Guidance by rider need, not by model pair","","proposed"
"MM-0222","Scooters and Vietnamese Licence Classes","Scooters and Vietnamese Licence Classes: What You Can Ride","what scooter can i ride with a1 licence","commercial","3-scooters","3.3 scooter-choosing","guide","foreign riders in Hanoi","skeleton","yes","R3/R1 where cited","Scooter Weight and Maneuverability in City Traffic","Guidance by rider need, not by model pair","","proposed"
"MM-0223","Buying a Scooter as a Foreigner in Vietnam","Buying a Scooter as a Foreigner in Vietnam","buy scooter foreigner vietnam","commercial","3-scooters","3.3 scooter-choosing","guide","foreign riders in Hanoi","skeleton","yes","R3/R1 where cited","Scooters and Vietnamese Licence Classes: What You Can Ride","Guidance by rider need, not by model pair","","proposed"
"MM-0224","Scooter Ownership Costs in Vietnam","Scooter Ownership Costs in Vietnam","scooter ownership cost vietnam","commercial","3-scooters","3.3 scooter-choosing","guide","foreign riders in Hanoi","skeleton","yes","R3/R1 where cited","Buying a Scooter as a Foreigner in Vietnam","Guidance by rider need, not by model pair","","proposed"
"MM-0225","Scooter Depreciation in the Vietnamese Market","Scooter Depreciation in the Vietnamese Market","scooter depreciation vietnam","commercial","3-scooters","3.3 scooter-choosing","guide","foreign riders in Hanoi","skeleton","yes","R3/R1 where cited","Scooter Ownership Costs in Vietnam","Guidance by rider need, not by model pair","","proposed"
"MM-0226","Scooter Colours, Insurance and Resale in Vietnam","Scooter Colours, Insurance and Resale in Vietnam","scooter colour resale vietnam","commercial","3-scooters","3.3 scooter-choosing","guide","foreign riders in Hanoi","skeleton","yes","R3/R1 where cited","Scooter Depreciation in the Vietnamese Market","Guidance by rider need, not by model pair","","proposed"
"MM-0227","Automatic Scooters","Automatic Scooters vs Underbones: Ride Feel Compared","automatic scooter vs underbone","commercial","3-scooters","3.3 scooter-choosing","guide","foreign riders in Hanoi","skeleton","yes","R3/R1 where cited","Scooter Colours, Insurance and Resale in Vietnam","Guidance by rider need, not by model pair","","proposed"
"MM-0228","Which Scooter Holds Up Best in Hanoi Traffic","Which Scooter Holds Up Best in Hanoi Traffic","most reliable scooter hanoi","commercial","3-scooters","3.3 scooter-choosing","guide","foreign riders in Hanoi","skeleton","yes","R3/R1 where cited","Automatic Scooters vs Underbones: Ride Feel Compared","Guidance by rider need, not by model pair","","proposed"
"MM-0229","Scooters","Scooters for Rainy Season Riding","best scooter rain vietnam","commercial","3-scooters","3.3 scooter-choosing","guide","foreign riders in Hanoi","skeleton","yes","R3/R1 where cited","Which Scooter Holds Up Best in Hanoi Traffic","Guidance by rider need, not by model pair","","proposed"
"MM-0230","Scooters","Scooters for Carrying a Passenger Daily","scooter for passenger daily","commercial","3-scooters","3.3 scooter-choosing","guide","foreign riders in Hanoi","skeleton","yes","R3/R1 where cited","Scooters for Rainy Season Riding","Guidance by rider need, not by model pair","","proposed"
"MM-0231","Scooters with USB Ports and Modern Features","Scooters with USB Ports and Modern Features","scooter usb port features vietnam","commercial","3-scooters","3.3 scooter-choosing","guide","foreign riders in Hanoi","skeleton","yes","R3/R1 where cited","Scooters for Carrying a Passenger Daily","Guidance by rider need, not by model pair","","proposed"
"MM-0232","Smart-Key Scooters in Vietnam","Smart-Key Scooters in Vietnam: Convenience vs Risk","smart key scooter vietnam","commercial","3-scooters","3.3 scooter-choosing","guide","foreign riders in Hanoi","skeleton","yes","R3/R1 where cited","Scooters with USB Ports and Modern Features","Guidance by rider need, not by model pair","","proposed"
"MM-0233","How Scooter Prices Work in Vietnam","How Scooter Prices Work in Vietnam","scooter price guide vietnam","commercial","3-scooters","3.3 scooter-choosing","guide","foreign riders in Hanoi","skeleton","yes","R3/R1 where cited","Smart-Key Scooters in Vietnam: Convenience vs Risk","Guidance by rider need, not by model pair","","proposed"
"MM-0234","Honda Vision Model-Year Updates","Honda Vision Model-Year Updates: What Changed","honda vision update","informational","3-scooters","3.4 scooter-news","news","foreign riders in Hanoi","skeleton","yes","date-checked","cluster hub","Date-checked model-year news; each covers one model-year event","","proposed"
"MM-0235","Honda Air Blade Model-Year Updates","Honda Air Blade Model-Year Updates","air blade update","informational","3-scooters","3.4 scooter-news","news","foreign riders in Hanoi","skeleton","yes","date-checked","Honda Vision Model-Year Updates: What Changed","Date-checked model-year news; each covers one model-year event","","proposed"
"MM-0236","Honda SH Model-Year Updates and Price Moves","Honda SH Model-Year Updates and Price Moves","honda sh update","informational","3-scooters","3.4 scooter-news","news","foreign riders in Hanoi","skeleton","yes","date-checked","Honda Air Blade Model-Year Updates","Date-checked model-year news; each covers one model-year event","","proposed"
"MM-0237","Honda SH Mode Model-Year Updates","Honda SH Mode Model-Year Updates","sh mode update","informational","3-scooters","3.4 scooter-news","news","foreign riders in Hanoi","skeleton","yes","date-checked","Honda SH Model-Year Updates and Price Moves","Date-checked model-year news; each covers one model-year event","","proposed"
"MM-0238","Honda Lead Model-Year Updates","Honda Lead Model-Year Updates","honda lead update","informational","3-scooters","3.4 scooter-news","news","foreign riders in Hanoi","skeleton","yes","date-checked","Honda SH Mode Model-Year Updates","Date-checked model-year news; each covers one model-year event","","proposed"
"MM-0239","Yamaha Janus Model-Year Updates","Yamaha Janus Model-Year Updates","janus update","informational","3-scooters","3.4 scooter-news","news","foreign riders in Hanoi","skeleton","yes","date-checked","Honda Lead Model-Year Updates","Date-checked model-year news; each covers one model-year event","","proposed"
"MM-0240","Yamaha Grande Model-Year Updates","Yamaha Grande Model-Year Updates","yamaha grande update","informational","3-scooters","3.4 scooter-news","news","foreign riders in Hanoi","skeleton","yes","date-checked","Yamaha Janus Model-Year Updates","Date-checked model-year news; each covers one model-year event","","proposed"
"MM-0241","New Scooter Launches in Vietnam","New Scooter Launches in Vietnam: Recent Roundup","new scooters vietnam","informational","3-scooters","3.4 scooter-news","news","foreign riders in Hanoi","skeleton","yes","date-checked","Yamaha Grande Model-Year Updates","Date-checked model-year news; each covers one model-year event","","proposed"
"MM-0242","Scooter Price Movements in Vietnam","Scooter Price Movements in Vietnam: What to Watch","scooter prices vietnam","informational","3-scooters","3.4 scooter-news","news","foreign riders in Hanoi","skeleton","yes","date-checked","New Scooter Launches in Vietnam: Recent Roundup","Date-checked model-year news; each covers one model-year event","","proposed"
"MM-0243","Vietnam Scooter Market Trends","Vietnam Scooter Market Trends for Foreign Riders","vietnam scooter market","informational","3-scooters","3.4 scooter-news","news","foreign riders in Hanoi","skeleton","yes","date-checked","Scooter Price Movements in Vietnam: What to Watch","Date-checked model-year news; each covers one model-year event","","proposed"
"MM-0244","Honda Wave Alpha Review","Honda Wave Alpha Review: Specs, Pros and Cons in Vietnam","honda wave alpha review vietnam","commercial","4-motorcycles","4.1 motorcycle-reviews","review","foreign riders in Hanoi","skeleton","yes","spec verification (R3)","cluster hub","One review per underbone/manual model entity","","proposed"
"MM-0245","Honda Wave RS Review","Honda Wave RS Review: Specs, Pros and Cons in Vietnam","honda wave rs review vietnam","commercial","4-motorcycles","4.1 motorcycle-reviews","review","foreign riders in Hanoi","skeleton","yes","spec verification (R3)","Honda Wave Alpha Review: Specs, Pros and Cons in Vietnam","One review per underbone/manual model entity","","proposed"
"MM-0246","Honda Blade Review","Honda Blade Review: Specs, Pros and Cons in Vietnam","honda blade review vietnam","commercial","4-motorcycles","4.1 motorcycle-reviews","review","foreign riders in Hanoi","skeleton","yes","spec verification (R3)","Honda Wave RS Review: Specs, Pros and Cons in Vietnam","One review per underbone/manual model entity","","proposed"
"MM-0247","Honda Future Review","Honda Future Review: Specs, Pros and Cons in Vietnam","honda future review vietnam","commercial","4-motorcycles","4.1 motorcycle-reviews","review","foreign riders in Hanoi","skeleton","yes","spec verification (R3)","Honda Blade Review: Specs, Pros and Cons in Vietnam","One review per underbone/manual model entity","","proposed"
"MM-0248","Honda Super Cub Review","Honda Super Cub Review: Specs, Pros and Cons in Vietnam","honda super cub review vietnam","commercial","4-motorcycles","4.1 motorcycle-reviews","review","foreign riders in Hanoi","skeleton","yes","spec verification (R3)","Honda Future Review: Specs, Pros and Cons in Vietnam","One review per underbone/manual model entity","","proposed"
"MM-0249","Honda Winner X Review","Honda Winner X Review: Specs, Pros and Cons in Vietnam","honda winner x review vietnam","commercial","4-motorcycles","4.1 motorcycle-reviews","review","foreign riders in Hanoi","skeleton","yes","spec verification (R3)","Honda Super Cub Review: Specs, Pros and Cons in Vietnam","One review per underbone/manual model entity","","proposed"
"MM-0250","Honda MSX Review","Honda MSX Review: Specs, Pros and Cons in Vietnam","honda msx review vietnam","commercial","4-motorcycles","4.1 motorcycle-reviews","review","foreign riders in Hanoi","skeleton","yes","spec verification (R3)","Honda Winner X Review: Specs, Pros and Cons in Vietnam","One review per underbone/manual model entity","","proposed"
"MM-0251","Yamaha Sirius Review","Yamaha Sirius Review: Specs, Pros and Cons in Vietnam","yamaha sirius review vietnam","commercial","4-motorcycles","4.1 motorcycle-reviews","review","foreign riders in Hanoi","skeleton","yes","spec verification (R3)","Honda MSX Review: Specs, Pros and Cons in Vietnam","One review per underbone/manual model entity","","proposed"
"MM-0252","Yamaha Exciter Review","Yamaha Exciter Review: Specs, Pros and Cons in Vietnam","yamaha exciter review vietnam","commercial","4-motorcycles","4.1 motorcycle-reviews","review","foreign riders in Hanoi","skeleton","yes","spec verification (R3)","Yamaha Sirius Review: Specs, Pros and Cons in Vietnam","One review per underbone/manual model entity","","proposed"
"MM-0253","Yamaha PG-1 Review","Yamaha PG-1 Review: Specs, Pros and Cons in Vietnam","yamaha pg-1 review vietnam","commercial","4-motorcycles","4.1 motorcycle-reviews","review","foreign riders in Hanoi","skeleton","yes","spec verification (R3)","Yamaha Exciter Review: Specs, Pros and Cons in Vietnam","One review per underbone/manual model entity","","proposed"
"MM-0254","Yamaha NEO’s Review","Yamaha NEO’s Review: Specs, Pros and Cons in Vietnam","yamaha neo’s review vietnam","commercial","4-motorcycles","4.1 motorcycle-reviews","review","foreign riders in Hanoi","skeleton","yes","spec verification (R3)","Yamaha PG-1 Review: Specs, Pros and Cons in Vietnam","One review per underbone/manual model entity","","proposed"
"MM-0255","Yamaha NXT Review","Yamaha NXT Review: Specs, Pros and Cons in Vietnam","yamaha nxt review vietnam","commercial","4-motorcycles","4.1 motorcycle-reviews","review","foreign riders in Hanoi","skeleton","yes","spec verification (R3)","Yamaha NEO’s Review: Specs, Pros and Cons in Vietnam","One review per underbone/manual model entity","","proposed"
"MM-0256","Suzuki Raider Review","Suzuki Raider Review: Specs, Pros and Cons in Vietnam","suzuki raider review vietnam","commercial","4-motorcycles","4.1 motorcycle-reviews","review","foreign riders in Hanoi","skeleton","yes","spec verification (R3)","Yamaha NXT Review: Specs, Pros and Cons in Vietnam","One review per underbone/manual model entity","","proposed"
"MM-0257","Suzuki GD Review","Suzuki GD Review: Specs, Pros and Cons in Vietnam","suzuki gd review vietnam","commercial","4-motorcycles","4.1 motorcycle-reviews","review","foreign riders in Hanoi","skeleton","yes","spec verification (R3)","Suzuki Raider Review: Specs, Pros and Cons in Vietnam","One review per underbone/manual model entity","","proposed"
"MM-0258","Honda TMX Review","Honda TMX Review: Specs, Pros and Cons in Vietnam","honda tmx review vietnam","commercial","4-motorcycles","4.1 motorcycle-reviews","review","foreign riders in Hanoi","skeleton","yes","spec verification (R3)","Suzuki GD Review: Specs, Pros and Cons in Vietnam","One review per underbone/manual model entity","","proposed"
"MM-0259","SYM Angel Review","SYM Angel Review: Specs, Pros and Cons in Vietnam","sym angel review vietnam","commercial","4-motorcycles","4.1 motorcycle-reviews","review","foreign riders in Hanoi","skeleton","yes","spec verification (R3)","Honda TMX Review: Specs, Pros and Cons in Vietnam","One review per underbone/manual model entity","","proposed"
"MM-0260","Ducar DK Review","Ducar DK Review: Specs, Pros and Cons in Vietnam","ducar dk review vietnam","commercial","4-motorcycles","4.1 motorcycle-reviews","review","foreign riders in Hanoi","skeleton","yes","spec verification (R3)","SYM Angel Review: Specs, Pros and Cons in Vietnam","One review per underbone/manual model entity","","proposed"
"MM-0261","Honda Wave Alpha 2025 Review","Honda Wave Alpha 2025 Review: Specs, Pros and Cons in Vietnam","honda wave alpha 2025 review vietnam","commercial","4-motorcycles","4.1 motorcycle-reviews","review","foreign riders in Hanoi","skeleton","yes","spec verification (R3)","Ducar DK Review: Specs, Pros and Cons in Vietnam","One review per underbone/manual model entity","","proposed"
"MM-0262","Honda Future 2025 Review","Honda Future 2025 Review: Specs, Pros and Cons in Vietnam","honda future 2025 review vietnam","commercial","4-motorcycles","4.1 motorcycle-reviews","review","foreign riders in Hanoi","skeleton","yes","spec verification (R3)","Honda Wave Alpha 2025 Review: Specs, Pros and Cons in Vietnam","One review per underbone/manual model entity","","proposed"
"MM-0263","Honda Winner X 2025 Review","Honda Winner X 2025 Review: Specs, Pros and Cons in Vietnam","honda winner x 2025 review vietnam","commercial","4-motorcycles","4.1 motorcycle-reviews","review","foreign riders in Hanoi","skeleton","yes","spec verification (R3)","Honda Future 2025 Review: Specs, Pros and Cons in Vietnam","One review per underbone/manual model entity","","proposed"
"MM-0264","Yamaha Sirius 2025 Review","Yamaha Sirius 2025 Review: Specs, Pros and Cons in Vietnam","yamaha sirius 2025 review vietnam","commercial","4-motorcycles","4.1 motorcycle-reviews","review","foreign riders in Hanoi","skeleton","yes","spec verification (R3)","Honda Winner X 2025 Review: Specs, Pros and Cons in Vietnam","One review per underbone/manual model entity","","proposed"
"MM-0265","Yamaha Exciter 2025 Review","Yamaha Exciter 2025 Review: Specs, Pros and Cons in Vietnam","yamaha exciter 2025 review vietnam","commercial","4-motorcycles","4.1 motorcycle-reviews","review","foreign riders in Hanoi","skeleton","yes","spec verification (R3)","Yamaha Sirius 2025 Review: Specs, Pros and Cons in Vietnam","One review per underbone/manual model entity","","proposed"
"MM-0266","Yamaha PG-1 2025 Review","Yamaha PG-1 2025 Review: Specs, Pros and Cons in Vietnam","yamaha pg-1 2025 review vietnam","commercial","4-motorcycles","4.1 motorcycle-reviews","review","foreign riders in Hanoi","skeleton","yes","spec verification (R3)","Yamaha Exciter 2025 Review: Specs, Pros and Cons in Vietnam","One review per underbone/manual model entity","","proposed"
"MM-0267","Suzuki Raider 2025 Review","Suzuki Raider 2025 Review: Specs, Pros and Cons in Vietnam","suzuki raider 2025 review vietnam","commercial","4-motorcycles","4.1 motorcycle-reviews","review","foreign riders in Hanoi","skeleton","yes","spec verification (R3)","Yamaha PG-1 2025 Review: Specs, Pros and Cons in Vietnam","One review per underbone/manual model entity","","proposed"
"MM-0268","Honda Super Cub 2025 Review","Honda Super Cub 2025 Review: Specs, Pros and Cons in Vietnam","honda super cub 2025 review vietnam","commercial","4-motorcycles","4.1 motorcycle-reviews","review","foreign riders in Hanoi","skeleton","yes","spec verification (R3)","Suzuki Raider 2025 Review: Specs, Pros and Cons in Vietnam","One review per underbone/manual model entity","","proposed"
"MM-0269","Yamaha NXT 2025 Review","Yamaha NXT 2025 Review: Specs, Pros and Cons in Vietnam","yamaha nxt 2025 review vietnam","commercial","4-motorcycles","4.1 motorcycle-reviews","review","foreign riders in Hanoi","skeleton","yes","spec verification (R3)","Honda Super Cub 2025 Review: Specs, Pros and Cons in Vietnam","One review per underbone/manual model entity","","proposed"
"MM-0270","Honda Blade 2025 Review","Honda Blade 2025 Review: Specs, Pros and Cons in Vietnam","honda blade 2025 review vietnam","commercial","4-motorcycles","4.1 motorcycle-reviews","review","foreign riders in Hanoi","skeleton","yes","spec verification (R3)","Yamaha NXT 2025 Review: Specs, Pros and Cons in Vietnam","One review per underbone/manual model entity","","proposed"
"MM-0271","Honda Wave RS 2025 Review","Honda Wave RS 2025 Review: Specs, Pros and Cons in Vietnam","honda wave rs 2025 review vietnam","commercial","4-motorcycles","4.1 motorcycle-reviews","review","foreign riders in Hanoi","skeleton","yes","spec verification (R3)","Honda Blade 2025 Review: Specs, Pros and Cons in Vietnam","One review per underbone/manual model entity","","proposed"
"MM-0272","Suzuki GD 2025 Review","Suzuki GD 2025 Review: Specs, Pros and Cons in Vietnam","suzuki gd 2025 review vietnam","commercial","4-motorcycles","4.1 motorcycle-reviews","review","foreign riders in Hanoi","skeleton","yes","spec verification (R3)","Honda Wave RS 2025 Review: Specs, Pros and Cons in Vietnam","One review per underbone/manual model entity","","proposed"
"MM-0273","Honda MSX 2025 Review","Honda MSX 2025 Review: Specs, Pros and Cons in Vietnam","honda msx 2025 review vietnam","commercial","4-motorcycles","4.1 motorcycle-reviews","review","foreign riders in Hanoi","skeleton","yes","spec verification (R3)","Suzuki GD 2025 Review: Specs, Pros and Cons in Vietnam","One review per underbone/manual model entity","","proposed"
"MM-0274","SYM Angel 2025 Review","SYM Angel 2025 Review: Specs, Pros and Cons in Vietnam","sym angel 2025 review vietnam","commercial","4-motorcycles","4.1 motorcycle-reviews","review","foreign riders in Hanoi","skeleton","yes","spec verification (R3)","Honda MSX 2025 Review: Specs, Pros and Cons in Vietnam","One review per underbone/manual model entity","","proposed"
"MM-0275","Ducar DK 2025 Review","Ducar DK 2025 Review: Specs, Pros and Cons in Vietnam","ducar dk 2025 review vietnam","commercial","4-motorcycles","4.1 motorcycle-reviews","review","foreign riders in Hanoi","skeleton","yes","spec verification (R3)","SYM Angel 2025 Review: Specs, Pros and Cons in Vietnam","One review per underbone/manual model entity","","proposed"
"MM-0276","Yamaha Exciter","Yamaha Exciter vs Honda Winner X: Which Should You Choose?","exciter vs winner x","commercial","4-motorcycles","4.2 motorcycle-comparisons","comparison","foreign riders in Hanoi","skeleton","yes","R3/R1 (licence classes)","cluster hub","Head-to-head decision intent for underbone/manual bikes","","proposed"
"MM-0277","Suzuki Raider","Suzuki Raider vs Yamaha Exciter: Which Should You Choose?","raider vs exciter","commercial","4-motorcycles","4.2 motorcycle-comparisons","comparison","foreign riders in Hanoi","skeleton","yes","R3/R1 (licence classes)","Yamaha Exciter vs Honda Winner X: Which Should You Choose?","Head-to-head decision intent for underbone/manual bikes","","proposed"
"MM-0278","Yamaha Sirius","Yamaha Sirius vs Honda Wave: Which Should You Choose?","sirius vs wave","commercial","4-motorcycles","4.2 motorcycle-comparisons","comparison","foreign riders in Hanoi","skeleton","yes","R3/R1 (licence classes)","Suzuki Raider vs Yamaha Exciter: Which Should You Choose?","Head-to-head decision intent for underbone/manual bikes","","proposed"
"MM-0279","Honda Wave Alpha","Honda Wave Alpha vs Honda Wave RS: Which Should You Choose?","wave alpha vs wave rs","commercial","4-motorcycles","4.2 motorcycle-comparisons","comparison","foreign riders in Hanoi","skeleton","yes","R3/R1 (licence classes)","Yamaha Sirius vs Honda Wave: Which Should You Choose?","Head-to-head decision intent for underbone/manual bikes","","proposed"
"MM-0280","Honda Future","Honda Future vs Yamaha Exciter: Which Should You Choose?","future vs exciter","commercial","4-motorcycles","4.2 motorcycle-comparisons","comparison","foreign riders in Hanoi","skeleton","yes","R3/R1 (licence classes)","Honda Wave Alpha vs Honda Wave RS: Which Should You Choose?","Head-to-head decision intent for underbone/manual bikes","","proposed"
"MM-0281","Honda Blade","Honda Blade vs Honda Wave Alpha: Which Should You Choose?","blade vs wave alpha","commercial","4-motorcycles","4.2 motorcycle-comparisons","comparison","foreign riders in Hanoi","skeleton","yes","R3/R1 (licence classes)","Honda Future vs Yamaha Exciter: Which Should You Choose?","Head-to-head decision intent for underbone/manual bikes","","proposed"
"MM-0282","Yamaha PG-1","Yamaha PG-1 vs Honda Winner X: Which Should You Choose?","pg-1 vs winner x","commercial","4-motorcycles","4.2 motorcycle-comparisons","comparison","foreign riders in Hanoi","skeleton","yes","R3/R1 (licence classes)","Honda Blade vs Honda Wave Alpha: Which Should You Choose?","Head-to-head decision intent for underbone/manual bikes","","proposed"
"MM-0283","Honda Super Cub","Honda Super Cub vs Honda Wave: Which Should You Choose?","super cub vs wave","commercial","4-motorcycles","4.2 motorcycle-comparisons","comparison","foreign riders in Hanoi","skeleton","yes","R3/R1 (licence classes)","Yamaha PG-1 vs Honda Winner X: Which Should You Choose?","Head-to-head decision intent for underbone/manual bikes","","proposed"
"MM-0284","Honda MSX","Honda MSX vs Yamaha PG-1: Which Should You Choose?","msx vs pg-1","commercial","4-motorcycles","4.2 motorcycle-comparisons","comparison","foreign riders in Hanoi","skeleton","yes","R3/R1 (licence classes)","Honda Super Cub vs Honda Wave: Which Should You Choose?","Head-to-head decision intent for underbone/manual bikes","","proposed"
"MM-0285","Suzuki GD","Suzuki GD vs Honda Wave Alpha: Which Should You Choose?","gd vs wave alpha","commercial","4-motorcycles","4.2 motorcycle-comparisons","comparison","foreign riders in Hanoi","skeleton","yes","R3/R1 (licence classes)","Honda MSX vs Yamaha PG-1: Which Should You Choose?","Head-to-head decision intent for underbone/manual bikes","","proposed"
"MM-0286","Best 110cc Underbones in Vietnam Compared","Best 110cc Underbones in Vietnam Compared: Which Should You Choose?","best 110cc underbone vietnam","commercial","4-motorcycles","4.2 motorcycle-comparisons","comparison","foreign riders in Hanoi","skeleton","yes","R3/R1 (licence classes)","Suzuki GD vs Honda Wave Alpha: Which Should You Choose?","Head-to-head decision intent for underbone/manual bikes","","proposed"
"MM-0287","Best 125cc Underbones Compared","Best 125cc Underbones Compared: Which Should You Choose?","best 125cc underbone vietnam","commercial","4-motorcycles","4.2 motorcycle-comparisons","comparison","foreign riders in Hanoi","skeleton","yes","R3/R1 (licence classes)","Best 110cc Underbones in Vietnam Compared: Which Should You Choose?","Head-to-head decision intent for underbone/manual bikes","","proposed"
"MM-0288","Best 150cc Underbones and Sport Bikes Compared","Best 150cc Underbones and Sport Bikes Compared: Which Should You Choose?","best 150cc motorbike vietnam","commercial","4-motorcycles","4.2 motorcycle-comparisons","comparison","foreign riders in Hanoi","skeleton","yes","R3/R1 (licence classes)","Best 125cc Underbones Compared: Which Should You Choose?","Head-to-head decision intent for underbone/manual bikes","","proposed"
"MM-0289","Best Clutch Motorcycles","Best Clutch Motorcycles for Beginners in Vietnam: Which Should You Choose?","best beginner clutch motorcycle vietnam","commercial","4-motorcycles","4.2 motorcycle-comparisons","comparison","foreign riders in Hanoi","skeleton","yes","R3/R1 (licence classes)","Best 150cc Underbones and Sport Bikes Compared: Which Should You Choose?","Head-to-head decision intent for underbone/manual bikes","","proposed"
"MM-0290","Best Underbones","Best Underbones for Fuel Economy: Which Should You Choose?","most fuel efficient underbone","commercial","4-motorcycles","4.2 motorcycle-comparisons","comparison","foreign riders in Hanoi","skeleton","yes","R3/R1 (licence classes)","Best Clutch Motorcycles for Beginners in Vietnam: Which Should You Choose?","Head-to-head decision intent for underbone/manual bikes","","proposed"
"MM-0291","Best Underbones","Best Underbones for Two-Up Riding: Which Should You Choose?","best underbone for passenger","commercial","4-motorcycles","4.2 motorcycle-comparisons","comparison","foreign riders in Hanoi","skeleton","yes","R3/R1 (licence classes)","Best Underbones for Fuel Economy: Which Should You Choose?","Head-to-head decision intent for underbone/manual bikes","","proposed"
"MM-0292","Best Manual Bikes","Best Manual Bikes for Long Distances in Vietnam: Which Should You Choose?","best manual bike long distance vietnam","commercial","4-motorcycles","4.2 motorcycle-comparisons","comparison","foreign riders in Hanoi","skeleton","yes","R3/R1 (licence classes)","Best Underbones for Two-Up Riding: Which Should You Choose?","Head-to-head decision intent for underbone/manual bikes","","proposed"
"MM-0293","Honda","Honda vs Yamaha Underbones: Which Should You Choose?","honda vs yamaha underbone","commercial","4-motorcycles","4.2 motorcycle-comparisons","comparison","foreign riders in Hanoi","skeleton","yes","R3/R1 (licence classes)","Best Manual Bikes for Long Distances in Vietnam: Which Should You Choose?","Head-to-head decision intent for underbone/manual bikes","","proposed"
"MM-0294","Wave","Wave vs Future: Honda Underbone Lineup Compared: Which Should You Choose?","wave vs future","commercial","4-motorcycles","4.2 motorcycle-comparisons","comparison","foreign riders in Hanoi","skeleton","yes","R3/R1 (licence classes)","Honda vs Yamaha Underbones: Which Should You Choose?","Head-to-head decision intent for underbone/manual bikes","","proposed"
"MM-0295","Exciter 150","Exciter 150 vs Exciter 155 Generations: Which Should You Choose?","exciter generations compared","commercial","4-motorcycles","4.2 motorcycle-comparisons","comparison","foreign riders in Hanoi","skeleton","yes","R3/R1 (licence classes)","Wave vs Future: Honda Underbone Lineup Compared: Which Should You Choose?","Head-to-head decision intent for underbone/manual bikes","","proposed"
"MM-0296","Winner X","Winner X vs Raider R150: Sport Underbones: Which Should You Choose?","winner x vs raider","commercial","4-motorcycles","4.2 motorcycle-comparisons","comparison","foreign riders in Hanoi","skeleton","yes","R3/R1 (licence classes)","Exciter 150 vs Exciter 155 Generations: Which Should You Choose?","Head-to-head decision intent for underbone/manual bikes","","proposed"
"MM-0297","Sirius","Sirius vs Blade: Entry Underbones: Which Should You Choose?","sirius vs blade","commercial","4-motorcycles","4.2 motorcycle-comparisons","comparison","foreign riders in Hanoi","skeleton","yes","R3/R1 (licence classes)","Winner X vs Raider R150: Sport Underbones: Which Should You Choose?","Head-to-head decision intent for underbone/manual bikes","","proposed"
"MM-0298","PG-1","PG-1 vs NXT: Yamaha Manual Lineup: Which Should You Choose?","pg-1 vs nxt","commercial","4-motorcycles","4.2 motorcycle-comparisons","comparison","foreign riders in Hanoi","skeleton","yes","R3/R1 (licence classes)","Sirius vs Blade: Entry Underbones: Which Should You Choose?","Head-to-head decision intent for underbone/manual bikes","","proposed"
"MM-0299","Super Cub","Super Cub vs Future: Classic vs Modern: Which Should You Choose?","super cub vs future","commercial","4-motorcycles","4.2 motorcycle-comparisons","comparison","foreign riders in Hanoi","skeleton","yes","R3/R1 (licence classes)","PG-1 vs NXT: Yamaha Manual Lineup: Which Should You Choose?","Head-to-head decision intent for underbone/manual bikes","","proposed"
"MM-0300","Best Semi-Automatic Motorbikes in Vietnam","Best Semi-Automatic Motorbikes in Vietnam: Which Should You Choose?","best semi automatic motorbike vietnam","commercial","4-motorcycles","4.2 motorcycle-comparisons","comparison","foreign riders in Hanoi","skeleton","yes","R3/R1 (licence classes)","Super Cub vs Future: Classic vs Modern: Which Should You Choose?","Head-to-head decision intent for underbone/manual bikes","","proposed"
"MM-0301","Manual","Manual vs Semi-Automatic Underbones: Riding Compared: Which Should You Choose?","manual vs semi automatic underbone","commercial","4-motorcycles","4.2 motorcycle-comparisons","comparison","foreign riders in Hanoi","skeleton","yes","R3/R1 (licence classes)","Best Semi-Automatic Motorbikes in Vietnam: Which Should You Choose?","Head-to-head decision intent for underbone/manual bikes","","proposed"
"MM-0302","Best Underbones","Best Underbones for Hanoi Commuting: Which Should You Choose?","best underbone hanoi commute","commercial","4-motorcycles","4.2 motorcycle-comparisons","comparison","foreign riders in Hanoi","skeleton","yes","R3/R1 (licence classes)","Manual vs Semi-Automatic Underbones: Riding Compared: Which Should You Choose?","Head-to-head decision intent for underbone/manual bikes","","proposed"
"MM-0303","Best Underbones","Best Underbones for Mountain Roads: Which Should You Choose?","best underbone mountain roads","commercial","4-motorcycles","4.2 motorcycle-comparisons","comparison","foreign riders in Hanoi","skeleton","yes","R3/R1 (licence classes)","Best Underbones for Hanoi Commuting: Which Should You Choose?","Head-to-head decision intent for underbone/manual bikes","","proposed"
"MM-0304","Underbones with the Best Resale Value","Underbones with the Best Resale Value: Which Should You Choose?","underbone resale value vietnam","commercial","4-motorcycles","4.2 motorcycle-comparisons","comparison","foreign riders in Hanoi","skeleton","yes","R3/R1 (licence classes)","Best Underbones for Mountain Roads: Which Should You Choose?","Head-to-head decision intent for underbone/manual bikes","","proposed"
"MM-0305","Best Cheap Motorbikes in Vietnam","Best Cheap Motorbikes in Vietnam: Which Should You Choose?","best cheap motorbike vietnam","commercial","4-motorcycles","4.2 motorcycle-comparisons","comparison","foreign riders in Hanoi","skeleton","yes","R3/R1 (licence classes)","Underbones with the Best Resale Value: Which Should You Choose?","Head-to-head decision intent for underbone/manual bikes","","proposed"
"MM-0306","Sport Underbones","Sport Underbones for Track-Style Riding in Vietnam: Which Should You Choose?","sport underbone vietnam","commercial","4-motorcycles","4.2 motorcycle-comparisons","comparison","foreign riders in Hanoi","skeleton","yes","R3/R1 (licence classes)","Best Cheap Motorbikes in Vietnam: Which Should You Choose?","Head-to-head decision intent for underbone/manual bikes","","proposed"
"MM-0307","Underbone","Underbone vs Scooter for Delivery Work: Which Should You Choose?","underbone vs scooter delivery","commercial","4-motorcycles","4.2 motorcycle-comparisons","comparison","foreign riders in Hanoi","skeleton","yes","R3/R1 (licence classes)","Sport Underbones for Track-Style Riding in Vietnam: Which Should You Choose?","Head-to-head decision intent for underbone/manual bikes","","proposed"
"MM-0308","Best Bikes","Best Bikes for the Ha Giang Loop: Which Should You Choose?","best motorbike ha giang loop","commercial","4-motorcycles","4.2 motorcycle-comparisons","comparison","foreign riders in Hanoi","skeleton","yes","R3/R1 (licence classes)","Underbone vs Scooter for Delivery Work: Which Should You Choose?","Head-to-head decision intent for underbone/manual bikes","","proposed"
"MM-0309","Best Bikes","Best Bikes for Vietnamese Rural Roads: Which Should You Choose?","motorbike rural roads vietnam","commercial","4-motorcycles","4.2 motorcycle-comparisons","comparison","foreign riders in Hanoi","skeleton","yes","R3/R1 (licence classes)","Best Bikes for the Ha Giang Loop: Which Should You Choose?","Head-to-head decision intent for underbone/manual bikes","","proposed"
"MM-0310","Big Bikes (175cc+) Available in Vietnam","Big Bikes (175cc+) Available in Vietnam: Overview: Which Should You Choose?","big bike licence vietnam","commercial","4-motorcycles","4.2 motorcycle-comparisons","comparison","foreign riders in Hanoi","skeleton","yes","R3/R1 (licence classes)","Best Bikes for Vietnamese Rural Roads: Which Should You Choose?","Head-to-head decision intent for underbone/manual bikes","","proposed"
"MM-0311","Manual","Manual vs Automatic Motorbikes for Vietnam Roads","manual vs automatic motorbike vietnam","commercial","4-motorcycles","4.3 motorcycle-choosing","guide","foreign riders in Hanoi","skeleton","yes","R1/R3 where cited","cluster hub","Guidance by need; licence implications cross-link to cluster 11","","proposed"
"MM-0312","What Is an Underbone Motorbike?","What Is an Underbone Motorbike?","what is underbone motorbike","commercial","4-motorcycles","4.3 motorcycle-choosing","guide","foreign riders in Hanoi","skeleton","yes","R1/R3 where cited","Manual vs Automatic Motorbikes for Vietnam Roads","Guidance by need; licence implications cross-link to cluster 11","","proposed"
"MM-0313","Semi-Automatic Motorbikes Explained","Semi-Automatic Motorbikes Explained","semi automatic motorbike explained","commercial","4-motorcycles","4.3 motorcycle-choosing","guide","foreign riders in Hanoi","skeleton","yes","R1/R3 where cited","What Is an Underbone Motorbike?","Guidance by need; licence implications cross-link to cluster 11","","proposed"
"MM-0314","Do You Need a Clutch Bike in Vietnam?","Do You Need a Clutch Bike in Vietnam?","do i need manual bike vietnam","commercial","4-motorcycles","4.3 motorcycle-choosing","guide","foreign riders in Hanoi","skeleton","yes","R1/R3 where cited","Semi-Automatic Motorbikes Explained","Guidance by need; licence implications cross-link to cluster 11","","proposed"
"MM-0315","Choosing a Motorbike","Choosing a Motorbike for Vietnamese Road Conditions","motorbike for vietnam roads","commercial","4-motorcycles","4.3 motorcycle-choosing","guide","foreign riders in Hanoi","skeleton","yes","R1/R3 where cited","Do You Need a Clutch Bike in Vietnam?","Guidance by need; licence implications cross-link to cluster 11","","proposed"
"MM-0316","Motorbike Size and Weight","Motorbike Size and Weight for Foreign Riders","motorbike size for foreigners","commercial","4-motorcycles","4.3 motorcycle-choosing","guide","foreign riders in Hanoi","skeleton","yes","R1/R3 where cited","Choosing a Motorbike for Vietnamese Road Conditions","Guidance by need; licence implications cross-link to cluster 11","","proposed"
"MM-0317","Motorbikes","Motorbikes for Carrying Luggage and Boxes","motorbike luggage capacity","commercial","4-motorcycles","4.3 motorcycle-choosing","guide","foreign riders in Hanoi","skeleton","yes","R1/R3 where cited","Motorbike Size and Weight for Foreign Riders","Guidance by need; licence implications cross-link to cluster 11","","proposed"
"MM-0318","Motorbikes","Motorbikes for Ride-Hailing and Delivery Work","motorbike delivery work vietnam","commercial","4-motorcycles","4.3 motorcycle-choosing","guide","foreign riders in Hanoi","skeleton","yes","R1/R3 where cited","Motorbikes for Carrying Luggage and Boxes","Guidance by need; licence implications cross-link to cluster 11","","proposed"
"MM-0319","Imported","Imported vs Locally Made Motorbikes in Vietnam","imported motorbike vietnam","commercial","4-motorcycles","4.3 motorcycle-choosing","guide","foreign riders in Hanoi","skeleton","yes","R1/R3 where cited","Motorbikes for Ride-Hailing and Delivery Work","Guidance by need; licence implications cross-link to cluster 11","","proposed"
"MM-0320","Used Motorbike Buying Checklist in Vietnam","Used Motorbike Buying Checklist in Vietnam","used motorbike checklist vietnam","commercial","4-motorcycles","4.3 motorcycle-choosing","guide","foreign riders in Hanoi","skeleton","yes","R1/R3 where cited","Imported vs Locally Made Motorbikes in Vietnam","Guidance by need; licence implications cross-link to cluster 11","","proposed"
"MM-0321","Motorbike Ownership Costs Beyond Purchase","Motorbike Ownership Costs Beyond Purchase","motorbike ownership costs vietnam","commercial","4-motorcycles","4.3 motorcycle-choosing","guide","foreign riders in Hanoi","skeleton","yes","R1/R3 where cited","Used Motorbike Buying Checklist in Vietnam","Guidance by need; licence implications cross-link to cluster 11","","proposed"
"MM-0322","Motorbike Registration","Motorbike Registration for Foreigners Buying in Vietnam","motorbike registration foreigner vietnam","commercial","4-motorcycles","4.3 motorcycle-choosing","guide","foreign riders in Hanoi","skeleton","yes","R1/R3 where cited","Motorbike Ownership Costs Beyond Purchase","Guidance by need; licence implications cross-link to cluster 11","","proposed"
"MM-0323","Reselling a Motorbike Before Leaving Vietnam","Reselling a Motorbike Before Leaving Vietnam","sell motorbike before leaving vietnam","commercial","4-motorcycles","4.3 motorcycle-choosing","guide","foreign riders in Hanoi","skeleton","yes","R1/R3 where cited","Motorbike Registration for Foreigners Buying in Vietnam","Guidance by need; licence implications cross-link to cluster 11","","proposed"
"MM-0324","Motorbike Storage Between Trips to Vietnam","Motorbike Storage Between Trips to Vietnam","store motorbike vietnam","commercial","4-motorcycles","4.3 motorcycle-choosing","guide","foreign riders in Hanoi","skeleton","yes","R1/R3 where cited","Reselling a Motorbike Before Leaving Vietnam","Guidance by need; licence implications cross-link to cluster 11","","proposed"
"MM-0325","Choosing Between Scooter, Underbone and Manual","Choosing Between Scooter, Underbone and Manual","scooter underbone manual which","commercial","4-motorcycles","4.3 motorcycle-choosing","guide","foreign riders in Hanoi","skeleton","yes","R1/R3 where cited","Motorbike Storage Between Trips to Vietnam","Guidance by need; licence implications cross-link to cluster 11","","proposed"
"MM-0326","Motorcycles","Motorcycles for Two-Up Touring","motorcycle two up touring vietnam","commercial","4-motorcycles","4.3 motorcycle-choosing","guide","foreign riders in Hanoi","skeleton","yes","R1/R3 where cited","Choosing Between Scooter, Underbone and Manual","Guidance by need; licence implications cross-link to cluster 11","","proposed"
"MM-0327","Fuel Types and Octane in Vietnam Explained","Fuel Types and Octane in Vietnam Explained","fuel octane vietnam motorbike","commercial","4-motorcycles","4.3 motorcycle-choosing","guide","foreign riders in Hanoi","skeleton","yes","R1/R3 where cited","Motorcycles for Two-Up Touring","Guidance by need; licence implications cross-link to cluster 11","","proposed"
"MM-0328","Engine Size and Vietnamese Licence Classes","Engine Size and Vietnamese Licence Classes","engine size licence vietnam","commercial","4-motorcycles","4.3 motorcycle-choosing","guide","foreign riders in Hanoi","skeleton","yes","R1/R3 where cited","Fuel Types and Octane in Vietnam Explained","Guidance by need; licence implications cross-link to cluster 11","","proposed"
"MM-0329","Motorcycle Ergonomics","Motorcycle Ergonomics for Western Riders","motorcycle ergonomics tall riders","commercial","4-motorcycles","4.3 motorcycle-choosing","guide","foreign riders in Hanoi","skeleton","yes","R1/R3 where cited","Engine Size and Vietnamese Licence Classes","Guidance by need; licence implications cross-link to cluster 11","","proposed"
"MM-0330","Retro and Cub-Style Bikes in Vietnam","Retro and Cub-Style Bikes in Vietnam","cub style bike vietnam","commercial","4-motorcycles","4.3 motorcycle-choosing","guide","foreign riders in Hanoi","skeleton","yes","R1/R3 where cited","Motorcycle Ergonomics for Western Riders","Guidance by need; licence implications cross-link to cluster 11","","proposed"
"MM-0331","Electric","Electric vs Petrol Motorbikes for Vietnam","electric vs petrol motorbike vietnam","commercial","4-motorcycles","4.3 motorcycle-choosing","guide","foreign riders in Hanoi","skeleton","yes","R1/R3 where cited","Retro and Cub-Style Bikes in Vietnam","Guidance by need; licence implications cross-link to cluster 11","","proposed"
"MM-0332","Best Motorbikes","Best Motorbikes for Expats Overall","best motorbike expats vietnam","commercial","4-motorcycles","4.3 motorcycle-choosing","guide","foreign riders in Hanoi","skeleton","yes","R1/R3 where cited","Electric vs Petrol Motorbikes for Vietnam","Guidance by need; licence implications cross-link to cluster 11","","proposed"
"MM-0333","How Motorbike Prices Are Set in Vietnam","How Motorbike Prices Are Set in Vietnam","motorbike pricing vietnam","commercial","4-motorcycles","4.3 motorcycle-choosing","guide","foreign riders in Hanoi","skeleton","yes","R1/R3 where cited","Best Motorbikes for Expats Overall","Guidance by need; licence implications cross-link to cluster 11","","proposed"
"MM-0334","Second-Hand Market Realities in Hanoi","Second-Hand Market Realities in Hanoi","second hand motorbike market hanoi","commercial","4-motorcycles","4.3 motorcycle-choosing","guide","foreign riders in Hanoi","skeleton","yes","R1/R3 where cited","How Motorbike Prices Are Set in Vietnam","Guidance by need; licence implications cross-link to cluster 11","","proposed"
"MM-0335","Honda Wave Model-Year Updates","Honda Wave Model-Year Updates","honda wave update","informational","4-motorcycles","4.4 motorcycle-news","news","foreign riders in Hanoi","skeleton","yes","date-checked","cluster hub","Date-checked news; each covers one model-year or market event","","proposed"
"MM-0336","Honda Future Model-Year Updates","Honda Future Model-Year Updates","honda future update","informational","4-motorcycles","4.4 motorcycle-news","news","foreign riders in Hanoi","skeleton","yes","date-checked","Honda Wave Model-Year Updates","Date-checked news; each covers one model-year or market event","","proposed"
"MM-0337","Honda Winner X Model-Year Updates","Honda Winner X Model-Year Updates","winner x update","informational","4-motorcycles","4.4 motorcycle-news","news","foreign riders in Hanoi","skeleton","yes","date-checked","Honda Future Model-Year Updates","Date-checked news; each covers one model-year or market event","","proposed"
"MM-0338","Yamaha Exciter Model-Year Updates","Yamaha Exciter Model-Year Updates","exciter update","informational","4-motorcycles","4.4 motorcycle-news","news","foreign riders in Hanoi","skeleton","yes","date-checked","Honda Winner X Model-Year Updates","Date-checked news; each covers one model-year or market event","","proposed"
"MM-0339","Yamaha Sirius Model-Year Updates","Yamaha Sirius Model-Year Updates","sirius update","informational","4-motorcycles","4.4 motorcycle-news","news","foreign riders in Hanoi","skeleton","yes","date-checked","Yamaha Exciter Model-Year Updates","Date-checked news; each covers one model-year or market event","","proposed"
"MM-0340","Suzuki Raider Model-Year Updates","Suzuki Raider Model-Year Updates","raider update","informational","4-motorcycles","4.4 motorcycle-news","news","foreign riders in Hanoi","skeleton","yes","date-checked","Yamaha Sirius Model-Year Updates","Date-checked news; each covers one model-year or market event","","proposed"
"MM-0341","Yamaha PG-1 News and Availability","Yamaha PG-1 News and Availability","pg-1 news","informational","4-motorcycles","4.4 motorcycle-news","news","foreign riders in Hanoi","skeleton","yes","date-checked","Suzuki Raider Model-Year Updates","Date-checked news; each covers one model-year or market event","","proposed"
"MM-0342","Honda MSX News in Vietnam","Honda MSX News in Vietnam","msx vietnam","informational","4-motorcycles","4.4 motorcycle-news","news","foreign riders in Hanoi","skeleton","yes","date-checked","Yamaha PG-1 News and Availability","Date-checked news; each covers one model-year or market event","","proposed"
"MM-0343","Underbone Price Movements in Vietnam","Underbone Price Movements in Vietnam","underbone prices vietnam","informational","4-motorcycles","4.4 motorcycle-news","news","foreign riders in Hanoi","skeleton","yes","date-checked","Honda MSX News in Vietnam","Date-checked news; each covers one model-year or market event","","proposed"
"MM-0344","New Manual Bike Launches in Vietnam","New Manual Bike Launches in Vietnam: Roundup","new manual bikes vietnam","informational","4-motorcycles","4.4 motorcycle-news","news","foreign riders in Hanoi","skeleton","yes","date-checked","Underbone Price Movements in Vietnam","Date-checked news; each covers one model-year or market event","","proposed"
"MM-0345","Motorbike Market Trends","Motorbike Market Trends for Foreign Buyers","vietnam motorbike market","informational","4-motorcycles","4.4 motorcycle-news","news","foreign riders in Hanoi","skeleton","yes","date-checked","New Manual Bike Launches in Vietnam: Roundup","Date-checked news; each covers one model-year or market event","","proposed"
"MM-0346","Super Cub and Retro Bike News in Vietnam","Super Cub and Retro Bike News in Vietnam","super cub news","informational","4-motorcycles","4.4 motorcycle-news","news","foreign riders in Hanoi","skeleton","yes","date-checked","Motorbike Market Trends for Foreign Buyers","Date-checked news; each covers one model-year or market event","","proposed"
"MM-0347","Big Bike Import News Vietnam","Big Bike Import News Vietnam","big bike import vietnam","informational","4-motorcycles","4.4 motorcycle-news","news","foreign riders in Hanoi","skeleton","yes","date-checked","Super Cub and Retro Bike News in Vietnam","Date-checked news; each covers one model-year or market event","","proposed"
"MM-0348","Honda Vietnam Production and Model News","Honda Vietnam Production and Model News","honda vietnam news","informational","4-motorcycles","4.4 motorcycle-news","news","foreign riders in Hanoi","skeleton","yes","date-checked","Big Bike Import News Vietnam","Date-checked news; each covers one model-year or market event","","proposed"
"MM-0349","Yamaha Vietnam Model Lineup News","Yamaha Vietnam Model Lineup News","yamaha vietnam news","informational","4-motorcycles","4.4 motorcycle-news","news","foreign riders in Hanoi","skeleton","yes","date-checked","Honda Vietnam Production and Model News","Date-checked news; each covers one model-year or market event","","proposed"
"MM-0350","How to Ride a Manual Motorbike","How to Ride a Manual Motorbike: The Complete Beginner Guide","how to ride manual motorbike","informational","5-manual","5.1 learning-clutch","how-to","foreign riders in Hanoi","owner-history (rental demand)","no","none","cluster hub","Skill acquisition steps; each row is one learnable skill","","proposed"
"MM-0351","Finding the Friction Zone","Finding the Friction Zone: First Clutch Lesson","motorbike friction zone practice","informational","5-manual","5.1 learning-clutch","how-to","foreign riders in Hanoi","owner-history (rental demand)","no","none","How to Ride a Manual Motorbike: The Complete Beginner Guide","Skill acquisition steps; each row is one learnable skill","","proposed"
"MM-0352","Moving Off Without Stalling on a Clutch Bike","Moving Off Without Stalling on a Clutch Bike","how not to stall motorbike","informational","5-manual","5.1 learning-clutch","how-to","foreign riders in Hanoi","owner-history (rental demand)","no","none","Finding the Friction Zone: First Clutch Lesson","Skill acquisition steps; each row is one learnable skill","","proposed"
"MM-0353","What to Do When You Stall in Traffic","What to Do When You Stall in Traffic","stalled motorbike in traffic","informational","5-manual","5.1 learning-clutch","how-to","foreign riders in Hanoi","owner-history (rental demand)","no","none","Moving Off Without Stalling on a Clutch Bike","Skill acquisition steps; each row is one learnable skill","","proposed"
"MM-0354","Changing Gears on a Motorbike","Changing Gears on a Motorbike: Up and Down","how to change gears motorbike","informational","5-manual","5.1 learning-clutch","how-to","foreign riders in Hanoi","owner-history (rental demand)","no","none","What to Do When You Stall in Traffic","Skill acquisition steps; each row is one learnable skill","","proposed"
"MM-0355","When to Shift","When to Shift: Listening to the Engine","when to shift gears motorbike","informational","5-manual","5.1 learning-clutch","how-to","foreign riders in Hanoi","owner-history (rental demand)","no","none","Changing Gears on a Motorbike: Up and Down","Skill acquisition steps; each row is one learnable skill","","proposed"
"MM-0356","Clutch Control at Walking Pace","Clutch Control at Walking Pace","clutch control slow speed","informational","5-manual","5.1 learning-clutch","how-to","foreign riders in Hanoi","owner-history (rental demand)","no","none","When to Shift: Listening to the Engine","Skill acquisition steps; each row is one learnable skill","","proposed"
"MM-0357","Hill Starts on a Manual Motorbike","Hill Starts on a Manual Motorbike","motorbike hill start","informational","5-manual","5.1 learning-clutch","how-to","foreign riders in Hanoi","owner-history (rental demand)","no","none","Clutch Control at Walking Pace","Skill acquisition steps; each row is one learnable skill","","proposed"
"MM-0358","Stopping and Starting on Slopes in Traffic","Stopping and Starting on Slopes in Traffic","slope riding motorbike traffic","informational","5-manual","5.1 learning-clutch","how-to","foreign riders in Hanoi","owner-history (rental demand)","no","none","Hill Starts on a Manual Motorbike","Skill acquisition steps; each row is one learnable skill","","proposed"
"MM-0359","Using the Rear Brake","Using the Rear Brake vs Front Brake on a Manual Bike","rear brake vs front brake motorbike","informational","5-manual","5.1 learning-clutch","how-to","foreign riders in Hanoi","owner-history (rental demand)","no","none","Stopping and Starting on Slopes in Traffic","Skill acquisition steps; each row is one learnable skill","","proposed"
"MM-0360","Braking While Downshifting Explained","Braking While Downshifting Explained","braking and downshifting motorbike","informational","5-manual","5.1 learning-clutch","how-to","foreign riders in Hanoi","owner-history (rental demand)","no","none","Using the Rear Brake vs Front Brake on a Manual Bike","Skill acquisition steps; each row is one learnable skill","","proposed"
"MM-0361","Engine Braking","Engine Braking: What It Is and When to Use It","engine braking motorbike","informational","5-manual","5.1 learning-clutch","how-to","foreign riders in Hanoi","owner-history (rental demand)","no","none","Braking While Downshifting Explained","Skill acquisition steps; each row is one learnable skill","","proposed"
"MM-0362","Riding a Clutch Bike in Hanoi Traffic","Riding a Clutch Bike in Hanoi Traffic: First Week Survival","manual bike hanoi traffic beginner","informational","5-manual","5.1 learning-clutch","how-to","foreign riders in Hanoi","owner-history (rental demand)","no","none","Engine Braking: What It Is and When to Use It","Skill acquisition steps; each row is one learnable skill","","proposed"
"MM-0363","U-Turns on a Manual Motorbike","U-Turns on a Manual Motorbike","u-turn motorbike","informational","5-manual","5.1 learning-clutch","how-to","foreign riders in Hanoi","owner-history (rental demand)","no","none","Riding a Clutch Bike in Hanoi Traffic: First Week Survival","Skill acquisition steps; each row is one learnable skill","","proposed"
"MM-0364","Riding a Manual Bike with a Passenger","Riding a Manual Bike with a Passenger","manual bike with passenger","informational","5-manual","5.1 learning-clutch","how-to","foreign riders in Hanoi","owner-history (rental demand)","no","none","U-Turns on a Manual Motorbike","Skill acquisition steps; each row is one learnable skill","","proposed"
"MM-0365","Kick Start","Kick Start vs Electric Start on Manual Bikes","kick start vs electric start","informational","5-manual","5.1 learning-clutch","how-to","foreign riders in Hanoi","owner-history (rental demand)","no","none","Riding a Manual Bike with a Passenger","Skill acquisition steps; each row is one learnable skill","","proposed"
"MM-0366","Reading the Gear Pattern on Vietnamese Underbones","Reading the Gear Pattern on Vietnamese Underbones","gear pattern underbone vietnam","informational","5-manual","5.1 learning-clutch","how-to","foreign riders in Hanoi","owner-history (rental demand)","no","none","Kick Start vs Electric Start on Manual Bikes","Skill acquisition steps; each row is one learnable skill","","proposed"
"MM-0367","Practising Manual Riding Safely in Hanoi","Practising Manual Riding Safely in Hanoi","practice riding motorbike hanoi","informational","5-manual","5.1 learning-clutch","how-to","foreign riders in Hanoi","owner-history (rental demand)","no","none","Reading the Gear Pattern on Vietnamese Underbones","Skill acquisition steps; each row is one learnable skill","","proposed"
"MM-0368","Common Beginner Clutch Mistakes","Common Beginner Clutch Mistakes","beginner clutch mistakes motorbike","informational","5-manual","5.1 learning-clutch","how-to","foreign riders in Hanoi","owner-history (rental demand)","no","none","Practising Manual Riding Safely in Hanoi","Skill acquisition steps; each row is one learnable skill","","proposed"
"MM-0369","Going from Automatic to Manual","Going from Automatic to Manual: Transition Guide","switching from automatic to manual motorbike","informational","5-manual","5.1 learning-clutch","how-to","foreign riders in Hanoi","owner-history (rental demand)","no","none","Common Beginner Clutch Mistakes","Skill acquisition steps; each row is one learnable skill","","proposed"
"MM-0370","Smooth Downshifting Through Traffic","Smooth Downshifting Through Traffic","smooth downshifting motorbike","informational","5-manual","5.2 clutch-technique","how-to","foreign riders in Hanoi","skeleton+research","no","none","cluster hub","Advanced technique; distinct from learning basics (5.1)","","proposed"
"MM-0371","Rev Matching Explained Simply","Rev Matching Explained Simply","rev matching motorbike","informational","5-manual","5.2 clutch-technique","how-to","foreign riders in Hanoi","skeleton+research","no","none","Smooth Downshifting Through Traffic","Advanced technique; distinct from learning basics (5.1)","","proposed"
"MM-0372","Riding Clutch Bikes in the Rain","Riding Clutch Bikes in the Rain","manual bike rain riding","informational","5-manual","5.2 clutch-technique","how-to","foreign riders in Hanoi","skeleton+research","no","none","Rev Matching Explained Simply","Advanced technique; distinct from learning basics (5.1)","","proposed"
"MM-0373","Night Riding Technique on Manual Bikes","Night Riding Technique on Manual Bikes","night riding motorbike technique","informational","5-manual","5.2 clutch-technique","how-to","foreign riders in Hanoi","skeleton+research","no","none","Riding Clutch Bikes in the Rain","Advanced technique; distinct from learning basics (5.1)","","proposed"
"MM-0374","Long-Distance Technique on Manual Underbones","Long-Distance Technique on Manual Underbones","long distance underbone technique","informational","5-manual","5.2 clutch-technique","how-to","foreign riders in Hanoi","skeleton+research","no","none","Night Riding Technique on Manual Bikes","Advanced technique; distinct from learning basics (5.1)","","proposed"
"MM-0375","Mountain Pass Technique on a Manual Bike","Mountain Pass Technique on a Manual Bike","mountain riding technique motorbike","informational","5-manual","5.2 clutch-technique","how-to","foreign riders in Hanoi","skeleton+research","no","none","Long-Distance Technique on Manual Underbones","Advanced technique; distinct from learning basics (5.1)","","proposed"
"MM-0376","Riding Gravel and Dirt Roads on a Manual Bike","Riding Gravel and Dirt Roads on a Manual Bike","gravel road motorbike technique","informational","5-manual","5.2 clutch-technique","how-to","foreign riders in Hanoi","skeleton+research","no","none","Mountain Pass Technique on a Manual Bike","Advanced technique; distinct from learning basics (5.1)","","proposed"
"MM-0377","Flooded Streets","Flooded Streets: Manual Bike Technique","riding motorbike flooded street","informational","5-manual","5.2 clutch-technique","how-to","foreign riders in Hanoi","skeleton+research","no","none","Riding Gravel and Dirt Roads on a Manual Bike","Advanced technique; distinct from learning basics (5.1)","","proposed"
"MM-0378","Pillion Technique","Pillion Technique: Carrying a Passenger Well","motorbike pillion technique","informational","5-manual","5.2 clutch-technique","how-to","foreign riders in Hanoi","skeleton+research","no","none","Flooded Streets: Manual Bike Technique","Advanced technique; distinct from learning basics (5.1)","","proposed"
"MM-0379","Cornering Basics on a Manual Motorbike","Cornering Basics on a Manual Motorbike","motorbike cornering basics","informational","5-manual","5.2 clutch-technique","how-to","foreign riders in Hanoi","skeleton+research","no","none","Pillion Technique: Carrying a Passenger Well","Advanced technique; distinct from learning basics (5.1)","","proposed"
"MM-0380","Countersteering on Motorbikes Explained","Countersteering on Motorbikes Explained","countersteering motorbike","informational","5-manual","5.2 clutch-technique","how-to","foreign riders in Hanoi","skeleton+research","no","none","Cornering Basics on a Manual Motorbike","Advanced technique; distinct from learning basics (5.1)","","proposed"
"MM-0381","Slow-Speed Balance Drills","Slow-Speed Balance Drills","slow speed motorbike drills","informational","5-manual","5.2 clutch-technique","how-to","foreign riders in Hanoi","skeleton+research","no","none","Countersteering on Motorbikes Explained","Advanced technique; distinct from learning basics (5.1)","","proposed"
"MM-0382","Braking Distances and Weight Transfer","Braking Distances and Weight Transfer","motorbike braking distance","informational","5-manual","5.2 clutch-technique","how-to","foreign riders in Hanoi","skeleton+research","no","none","Slow-Speed Balance Drills","Advanced technique; distinct from learning basics (5.1)","","proposed"
"MM-0383","Wet Manhole Covers and Painted Lines","Wet Manhole Covers and Painted Lines","slippery surfaces motorbike","informational","5-manual","5.2 clutch-technique","how-to","foreign riders in Hanoi","skeleton+research","no","none","Braking Distances and Weight Transfer","Advanced technique; distinct from learning basics (5.1)","","proposed"
"MM-0384","Group Riding Basics in Vietnam","Group Riding Basics in Vietnam","group riding motorbike vietnam","informational","5-manual","5.2 clutch-technique","how-to","foreign riders in Hanoi","skeleton+research","no","none","Wet Manhole Covers and Painted Lines","Advanced technique; distinct from learning basics (5.1)","","proposed"
"MM-0385","Why Semi-Automatics Dominate Vietnam","Why Semi-Automatics Dominate Vietnam","why semi automatic popular vietnam","informational","5-manual","5.3 manual-in-vietnam","guide","foreign riders in Hanoi","owner-history+skeleton","no","none","cluster hub","Vietnam-specific manual riding context; not technique drills (5.2)","","proposed"
"MM-0386","Renting a Manual Motorbike in Hanoi","Renting a Manual Motorbike in Hanoi","rent manual motorbike hanoi","informational","5-manual","5.3 manual-in-vietnam","guide","foreign riders in Hanoi","owner-history+skeleton","no","none","Why Semi-Automatics Dominate Vietnam","Vietnam-specific manual riding context; not technique drills (5.2)","","proposed"
"MM-0387","Manual Bikes","Manual Bikes vs Scooters for Vietnamese Roads","manual vs scooter vietnam roads","informational","5-manual","5.3 manual-in-vietnam","guide","foreign riders in Hanoi","owner-history+skeleton","no","none","Renting a Manual Motorbike in Hanoi","Vietnam-specific manual riding context; not technique drills (5.2)","","proposed"
"MM-0388","Riding Manual from Hanoi to the Mountains","Riding Manual from Hanoi to the Mountains","hanoi to mountains manual bike","informational","5-manual","5.3 manual-in-vietnam","guide","foreign riders in Hanoi","owner-history+skeleton","no","none","Manual Bikes vs Scooters for Vietnamese Roads","Vietnam-specific manual riding context; not technique drills (5.2)","","proposed"
"MM-0389","Manual Bike Etiquette in Vietnamese Traffic","Manual Bike Etiquette in Vietnamese Traffic","traffic etiquette vietnam motorbike","informational","5-manual","5.3 manual-in-vietnam","guide","foreign riders in Hanoi","owner-history+skeleton","no","none","Riding Manual from Hanoi to the Mountains","Vietnam-specific manual riding context; not technique drills (5.2)","","proposed"
"MM-0390","Learning to Ride in Hanoi as a Foreigner","Learning to Ride in Hanoi as a Foreigner","learn motorbike hanoi foreigner","informational","5-manual","5.3 manual-in-vietnam","guide","foreign riders in Hanoi","owner-history+skeleton","no","none","Manual Bike Etiquette in Vietnamese Traffic","Vietnam-specific manual riding context; not technique drills (5.2)","","proposed"
"MM-0391","Motorbike Schools and Practice Areas in Hanoi","Motorbike Schools and Practice Areas in Hanoi","motorbike lessons hanoi","informational","5-manual","5.3 manual-in-vietnam","guide","foreign riders in Hanoi","owner-history+skeleton","no","none","Learning to Ride in Hanoi as a Foreigner","Vietnam-specific manual riding context; not technique drills (5.2)","","proposed"
"MM-0392","Renting a Clutch Bike","Renting a Clutch Bike for the Ha Giang Loop","clutch bike ha giang rental","informational","5-manual","5.3 manual-in-vietnam","guide","foreign riders in Hanoi","owner-history+skeleton","no","none","Motorbike Schools and Practice Areas in Hanoi","Vietnam-specific manual riding context; not technique drills (5.2)","","proposed"
"MM-0393","What Foreign Riders Find Hardest About Vietnamese Traffic","What Foreign Riders Find Hardest About Vietnamese Traffic","hard vietnam traffic foreign riders","informational","5-manual","5.3 manual-in-vietnam","guide","foreign riders in Hanoi","owner-history+skeleton","no","none","Renting a Clutch Bike for the Ha Giang Loop","Vietnam-specific manual riding context; not technique drills (5.2)","","proposed"
"MM-0394","Manual Riding in Hanoi Rain Season","Manual Riding in Hanoi Rain Season","manual riding hanoi rainy season","informational","5-manual","5.3 manual-in-vietnam","guide","foreign riders in Hanoi","owner-history+skeleton","no","none","What Foreign Riders Find Hardest About Vietnamese Traffic","Vietnam-specific manual riding context; not technique drills (5.2)","","proposed"
"MM-0395","Signs of a Worn Clutch on a Motorbike","Signs of a Worn Clutch on a Motorbike","worn clutch symptoms motorbike","informational","5-manual","5.4 clutch-maintenance-awareness","guide","foreign riders in Hanoi","skeleton","yes","R5 technical","cluster hub","Rider-facing awareness only; procedures live in cluster 8","","proposed"
"MM-0396","Clutch Cable","Clutch Cable vs Hydraulic Clutch Basics","clutch cable vs hydraulic","informational","5-manual","5.4 clutch-maintenance-awareness","guide","foreign riders in Hanoi","skeleton","yes","R5 technical","Signs of a Worn Clutch on a Motorbike","Rider-facing awareness only; procedures live in cluster 8","","proposed"
"MM-0397","When a Clutch Feels Loose","When a Clutch Feels Loose: What It Might Mean","loose clutch motorbike","informational","5-manual","5.4 clutch-maintenance-awareness","guide","foreign riders in Hanoi","skeleton","yes","R5 technical","Clutch Cable vs Hydraulic Clutch Basics","Rider-facing awareness only; procedures live in cluster 8","","proposed"
"MM-0398","Clutch Adjustment","Clutch Adjustment: What a Rider Should Know","clutch adjustment motorbike","informational","5-manual","5.4 clutch-maintenance-awareness","guide","foreign riders in Hanoi","skeleton","yes","R5 technical","When a Clutch Feels Loose: What It Might Mean","Rider-facing awareness only; procedures live in cluster 8","","proposed"
"MM-0399","Slipping Clutch Symptoms on Underbones","Slipping Clutch Symptoms on Underbones","clutch slipping underbone","informational","5-manual","5.4 clutch-maintenance-awareness","guide","foreign riders in Hanoi","skeleton","yes","R5 technical","Clutch Adjustment: What a Rider Should Know","Rider-facing awareness only; procedures live in cluster 8","","proposed"
"MM-0400","Engine Oil and Clutch Health","Engine Oil and Clutch Health","engine oil clutch wear","informational","5-manual","5.4 clutch-maintenance-awareness","guide","foreign riders in Hanoi","skeleton","yes","R5 technical","Slipping Clutch Symptoms on Underbones","Rider-facing awareness only; procedures live in cluster 8","","proposed"
"MM-0401","What Ruins a Clutch Early","What Ruins a Clutch Early","what wears out a clutch","informational","5-manual","5.4 clutch-maintenance-awareness","guide","foreign riders in Hanoi","skeleton","yes","R5 technical","Engine Oil and Clutch Health","Rider-facing awareness only; procedures live in cluster 8","","proposed"
"MM-0402","Chain Noise and Rough Riding","Chain Noise and Rough Riding: Rider Checklist","chain noise motorbike checklist","informational","5-manual","5.4 clutch-maintenance-awareness","guide","foreign riders in Hanoi","skeleton","yes","R5 technical","What Ruins a Clutch Early","Rider-facing awareness only; procedures live in cluster 8","","proposed"
"MM-0403","When to Let a Workshop Look at Your Clutch","When to Let a Workshop Look at Your Clutch","clutch repair workshop when","informational","5-manual","5.4 clutch-maintenance-awareness","guide","foreign riders in Hanoi","skeleton","yes","R5 technical","Chain Noise and Rough Riding: Rider Checklist","Rider-facing awareness only; procedures live in cluster 8","","proposed"
"MM-0404","Clutch Life on Rental","Clutch Life on Rental vs Owned Bikes","rental bike clutch wear","informational","5-manual","5.4 clutch-maintenance-awareness","guide","foreign riders in Hanoi","skeleton","yes","R5 technical","When to Let a Workshop Look at Your Clutch","Rider-facing awareness only; procedures live in cluster 8","","proposed"
"MM-0405","Honda Supercub 50-Style Bikes in Vietnam","Honda Supercub 50-Style Bikes in Vietnam","honda 50cc vietnam","commercial","50cc","6.1 50cc-models","review","foreign riders in Hanoi","skeleton","yes","R3 spec verification","cluster hub","One article per 50cc model/category entity","","proposed"
"MM-0406","50cc Scooters Available in Vietnam","50cc Scooters Available in Vietnam","50cc scooter vietnam","commercial","50cc","6.1 50cc-models","review","foreign riders in Hanoi","skeleton","yes","R3 spec verification","Honda Supercub 50-Style Bikes in Vietnam","One article per 50cc model/category entity","","proposed"
"MM-0407","50cc Underbones Available in Vietnam","50cc Underbones Available in Vietnam","50cc underbone vietnam","commercial","50cc","6.1 50cc-models","review","foreign riders in Hanoi","skeleton","yes","R3 spec verification","50cc Scooters Available in Vietnam","One article per 50cc model/category entity","","proposed"
"MM-0408","Ducar 50cc Motorbikes","Ducar 50cc Motorbikes","ducar 50cc","commercial","50cc","6.1 50cc-models","review","foreign riders in Hanoi","skeleton","yes","R3 spec verification","50cc Underbones Available in Vietnam","One article per 50cc model/category entity","","proposed"
"MM-0409","SYN/Chinese 50cc Bikes in Vietnam","SYN/Chinese 50cc Bikes in Vietnam","chinese 50cc bike vietnam","commercial","50cc","6.1 50cc-models","review","foreign riders in Hanoi","skeleton","yes","R3 spec verification","Ducar 50cc Motorbikes","One article per 50cc model/category entity","","proposed"
"MM-0410","Honda 50cc Classic Models","Honda 50cc Classic Models: History in Vietnam","honda 50cc history vietnam","commercial","50cc","6.1 50cc-models","review","foreign riders in Hanoi","skeleton","yes","R3 spec verification","SYN/Chinese 50cc Bikes in Vietnam","One article per 50cc model/category entity","","proposed"
"MM-0411","Best 50cc Motorbikes in Vietnam Compared","Best 50cc Motorbikes in Vietnam Compared","best 50cc motorbike vietnam","commercial","50cc","6.1 50cc-models","review","foreign riders in Hanoi","skeleton","yes","R3 spec verification","Honda 50cc Classic Models: History in Vietnam","One article per 50cc model/category entity","","proposed"
"MM-0412","50cc Mopeds in Vietnam Explained","50cc Mopeds in Vietnam Explained","50cc moped vietnam","commercial","50cc","6.1 50cc-models","review","foreign riders in Hanoi","skeleton","yes","R3 spec verification","Best 50cc Motorbikes in Vietnam Compared","One article per 50cc model/category entity","","proposed"
"MM-0413","50cc Bike Speed Limits and Real Speeds","50cc Bike Speed Limits and Real Speeds","50cc top speed","commercial","50cc","6.1 50cc-models","review","foreign riders in Hanoi","skeleton","yes","R3 spec verification","50cc Mopeds in Vietnam Explained","One article per 50cc model/category entity","","proposed"
"MM-0414","Who Actually Buys 50cc Bikes in Vietnam","Who Actually Buys 50cc Bikes in Vietnam","who buys 50cc vietnam","commercial","50cc","6.1 50cc-models","review","foreign riders in Hanoi","skeleton","yes","R3 spec verification","50cc Bike Speed Limits and Real Speeds","One article per 50cc model/category entity","","proposed"
"MM-0415","Do You Need a Licence","Do You Need a Licence for a 50cc Motorbike in Vietnam?","do you need licence 50cc vietnam","informational","50cc","6.2 50cc-legal","legal","foreign riders in Hanoi","owner-history (customer question)","yes","R1 legal — government sources, last_reviewed","cluster hub","Summaries that link canonically to cluster 11 legal articles","","proposed"
"MM-0416","Minimum Age","Minimum Age for 50cc Bikes in Vietnam","50cc age limit vietnam","informational","50cc","6.2 50cc-legal","legal","foreign riders in Hanoi","owner-history (customer question)","yes","R1 legal — government sources, last_reviewed","Do You Need a Licence for a 50cc Motorbike in Vietnam?","Summaries that link canonically to cluster 11 legal articles","","proposed"
"MM-0417","50cc","50cc vs Electric Bike Classification in Vietnamese Law","50cc vs electric bike law vietnam","informational","50cc","6.2 50cc-legal","legal","foreign riders in Hanoi","owner-history (customer question)","yes","R1 legal — government sources, last_reviewed","Minimum Age for 50cc Bikes in Vietnam","Summaries that link canonically to cluster 11 legal articles","","proposed"
"MM-0418","50cc Bikes and Licence Checks in Practice","50cc Bikes and Licence Checks in Practice","50cc licence check vietnam","informational","50cc","6.2 50cc-legal","legal","foreign riders in Hanoi","owner-history (customer question)","yes","R1 legal — government sources, last_reviewed","50cc vs Electric Bike Classification in Vietnamese Law","Summaries that link canonically to cluster 11 legal articles","","proposed"
"MM-0419","Fines","Fines for Riding Without a Licence on a 50cc","fine no licence 50cc vietnam","informational","50cc","6.2 50cc-legal","legal","foreign riders in Hanoi","owner-history (customer question)","yes","R1 legal — government sources, last_reviewed","50cc Bikes and Licence Checks in Practice","Summaries that link canonically to cluster 11 legal articles","","proposed"
"MM-0420","Can Tourists Ride 50cc Bikes in Vietnam?","Can Tourists Ride 50cc Bikes in Vietnam?","tourists 50cc vietnam","informational","50cc","6.2 50cc-legal","legal","foreign riders in Hanoi","owner-history (customer question)","yes","R1 legal — government sources, last_reviewed","Fines for Riding Without a Licence on a 50cc","Summaries that link canonically to cluster 11 legal articles","","proposed"
"MM-0421","50cc Registration and Number Plates","50cc Registration and Number Plates","50cc registration vietnam","informational","50cc","6.2 50cc-legal","legal","foreign riders in Hanoi","owner-history (customer question)","yes","R1 legal — government sources, last_reviewed","Can Tourists Ride 50cc Bikes in Vietnam?","Summaries that link canonically to cluster 11 legal articles","","proposed"
"MM-0422","50cc Insurance Requirements","50cc Insurance Requirements","50cc insurance vietnam","informational","50cc","6.2 50cc-legal","legal","foreign riders in Hanoi","owner-history (customer question)","yes","R1 legal — government sources, last_reviewed","50cc Registration and Number Plates","Summaries that link canonically to cluster 11 legal articles","","proposed"
"MM-0423","50cc on Highways and Big Roads","50cc on Highways and Big Roads: The Rules","50cc highway vietnam","informational","50cc","6.2 50cc-legal","legal","foreign riders in Hanoi","owner-history (customer question)","yes","R1 legal — government sources, last_reviewed","50cc Insurance Requirements","Summaries that link canonically to cluster 11 legal articles","","proposed"
"MM-0424","Renting a 50cc in Hanoi Without a Licence","Renting a 50cc in Hanoi Without a Licence: The Reality","rent 50cc no licence hanoi","informational","50cc","6.2 50cc-legal","legal","foreign riders in Hanoi","owner-history (customer question)","yes","R1 legal — government sources, last_reviewed","50cc on Highways and Big Roads: The Rules","Summaries that link canonically to cluster 11 legal articles","","proposed"
"MM-0425","Is a 50cc Motorbike Enough","Is a 50cc Motorbike Enough for Hanoi?","50cc enough for hanoi","commercial","50cc","6.3 50cc-choosing","guide","foreign riders in Hanoi","skeleton","no","none","cluster hub","Use-case guidance for 50cc; models in 6.1, law in 6.2","","proposed"
"MM-0426","50cc","50cc for Students in Vietnamese Cities","50cc for students vietnam","commercial","50cc","6.3 50cc-choosing","guide","foreign riders in Hanoi","skeleton","no","none","Is a 50cc Motorbike Enough for Hanoi?","Use-case guidance for 50cc; models in 6.1, law in 6.2","","proposed"
"MM-0427","50cc","50cc vs 110cc Underbone: Which to Choose","50cc vs 110cc","commercial","50cc","6.3 50cc-choosing","guide","foreign riders in Hanoi","skeleton","no","none","50cc for Students in Vietnamese Cities","Use-case guidance for 50cc; models in 6.1, law in 6.2","","proposed"
"MM-0428","50cc Scooter","50cc Scooter vs 50cc Underbone","50cc scooter vs underbone","commercial","50cc","6.3 50cc-choosing","guide","foreign riders in Hanoi","skeleton","no","none","50cc vs 110cc Underbone: Which to Choose","Use-case guidance for 50cc; models in 6.1, law in 6.2","","proposed"
"MM-0429","Living with a 50cc in Hanoi","Living with a 50cc in Hanoi: Pros and Cons","living with 50cc hanoi","commercial","50cc","6.3 50cc-choosing","guide","foreign riders in Hanoi","skeleton","no","none","50cc Scooter vs 50cc Underbone","Use-case guidance for 50cc; models in 6.1, law in 6.2","","proposed"
"MM-0430","50cc Bikes on Hills and Bridges","50cc Bikes on Hills and Bridges","50cc hills bridges hanoi","commercial","50cc","6.3 50cc-choosing","guide","foreign riders in Hanoi","skeleton","no","none","Living with a 50cc in Hanoi: Pros and Cons","Use-case guidance for 50cc; models in 6.1, law in 6.2","","proposed"
"MM-0431","50cc Maintenance Simplicity","50cc Maintenance Simplicity","50cc maintenance simple","commercial","50cc","6.3 50cc-choosing","guide","foreign riders in Hanoi","skeleton","no","none","50cc Bikes on Hills and Bridges","Use-case guidance for 50cc; models in 6.1, law in 6.2","","proposed"
"MM-0432","50cc Fuel Economy Reality","50cc Fuel Economy Reality","50cc fuel consumption","commercial","50cc","6.3 50cc-choosing","guide","foreign riders in Hanoi","skeleton","no","none","50cc Maintenance Simplicity","Use-case guidance for 50cc; models in 6.1, law in 6.2","","proposed"
"MM-0433","Reselling a 50cc in Vietnam","Reselling a 50cc in Vietnam","50cc resale value vietnam","commercial","50cc","6.3 50cc-choosing","guide","foreign riders in Hanoi","skeleton","no","none","50cc Fuel Economy Reality","Use-case guidance for 50cc; models in 6.1, law in 6.2","","proposed"
"MM-0434","50cc","50cc for Short City Commutes Only","50cc city commute","commercial","50cc","6.3 50cc-choosing","guide","foreign riders in Hanoi","skeleton","no","none","Reselling a 50cc in Vietnam","Use-case guidance for 50cc; models in 6.1, law in 6.2","","proposed"
"MM-0435","50cc","50cc vs Electric Bikes in Vietnam","50cc vs electric bike","informational","50cc","6.4 50cc-context","guide","foreign riders in Hanoi","skeleton","no","none","cluster hub","Comparisons and context beyond choosing (6.3)","","proposed"
"MM-0436","Why 50cc Bikes Were Everywhere in Vietnam","Why 50cc Bikes Were Everywhere in Vietnam","history 50cc motorbikes vietnam","informational","50cc","6.4 50cc-context","guide","foreign riders in Hanoi","skeleton","no","none","50cc vs Electric Bikes in Vietnam","Comparisons and context beyond choosing (6.3)","","proposed"
"MM-0437","50cc Culture in Vietnamese Cities Today","50cc Culture in Vietnamese Cities Today","50cc bikes vietnam today","informational","50cc","6.4 50cc-context","guide","foreign riders in Hanoi","skeleton","no","none","Why 50cc Bikes Were Everywhere in Vietnam","Comparisons and context beyond choosing (6.3)","","proposed"
"MM-0438","50cc Rentals in Hanoi","50cc Rentals in Hanoi for Beginners","50cc rental hanoi beginner","informational","50cc","6.4 50cc-context","guide","foreign riders in Hanoi","skeleton","no","none","50cc Culture in Vietnamese Cities Today","Comparisons and context beyond choosing (6.3)","","proposed"
"MM-0439","50cc","50cc for Learner Riders: A Safe Start?","50cc learner bike","informational","50cc","6.4 50cc-context","guide","foreign riders in Hanoi","skeleton","no","none","50cc Rentals in Hanoi for Beginners","Comparisons and context beyond choosing (6.3)","","proposed"
"MM-0440","Upgrading from 50cc to a Bigger Bike","Upgrading from 50cc to a Bigger Bike","upgrade from 50cc","informational","50cc","6.4 50cc-context","guide","foreign riders in Hanoi","skeleton","no","none","50cc for Learner Riders: A Safe Start?","Comparisons and context beyond choosing (6.3)","","proposed"
"MM-0441","50cc Two-Up Riding","50cc Two-Up Riding: Should You?","50cc two people","informational","50cc","6.4 50cc-context","guide","foreign riders in Hanoi","skeleton","no","none","Upgrading from 50cc to a Bigger Bike","Comparisons and context beyond choosing (6.3)","","proposed"
"MM-0442","50cc Long Trips","50cc Long Trips: Why They Do Not Work","50cc long trip","informational","50cc","6.4 50cc-context","guide","foreign riders in Hanoi","skeleton","no","none","50cc Two-Up Riding: Should You?","Comparisons and context beyond choosing (6.3)","","proposed"
"MM-0443","50cc Safety Profile Compared","50cc Safety Profile Compared","50cc safety","informational","50cc","6.4 50cc-context","guide","foreign riders in Hanoi","skeleton","no","none","50cc Long Trips: Why They Do Not Work","Comparisons and context beyond choosing (6.3)","","proposed"
"MM-0444","Buying a 50cc as a Foreigner","Buying a 50cc as a Foreigner","buy 50cc foreigner vietnam","informational","50cc","6.4 50cc-context","guide","foreign riders in Hanoi","skeleton","no","none","50cc Safety Profile Compared","Comparisons and context beyond choosing (6.3)","","proposed"
"MM-0445","VinFast Feliz","VinFast Feliz: Review and Specs for Vietnam Riders","vinfast feliz review vietnam","commercial","7-electric","7.1 electric-models","review","foreign riders in Hanoi","skeleton","yes","R3 manufacturer specs + range test conditions","cluster hub","One review/comparison per electric model entity; never implies Nguyen Tu rents them","","proposed"
"MM-0446","VinFast Klara","VinFast Klara: Review and Specs for Vietnam Riders","vinfast klara review vietnam","commercial","7-electric","7.1 electric-models","review","foreign riders in Hanoi","skeleton","yes","R3 manufacturer specs + range test conditions","VinFast Feliz: Review and Specs for Vietnam Riders","One review/comparison per electric model entity; never implies Nguyen Tu rents them","","proposed"
"MM-0447","VinFast Theon","VinFast Theon: Review and Specs for Vietnam Riders","vinfast theon review vietnam","commercial","7-electric","7.1 electric-models","review","foreign riders in Hanoi","skeleton","yes","R3 manufacturer specs + range test conditions","VinFast Klara: Review and Specs for Vietnam Riders","One review/comparison per electric model entity; never implies Nguyen Tu rents them","","proposed"
"MM-0448","VinFast Vento","VinFast Vento: Review and Specs for Vietnam Riders","vinfast vento review vietnam","commercial","7-electric","7.1 electric-models","review","foreign riders in Hanoi","skeleton","yes","R3 manufacturer specs + range test conditions","VinFast Theon: Review and Specs for Vietnam Riders","One review/comparison per electric model entity; never implies Nguyen Tu rents them","","proposed"
"MM-0449","VinFast Evo","VinFast Evo: Review and Specs for Vietnam Riders","vinfast evo review vietnam","commercial","7-electric","7.1 electric-models","review","foreign riders in Hanoi","skeleton","yes","R3 manufacturer specs + range test conditions","VinFast Vento: Review and Specs for Vietnam Riders","One review/comparison per electric model entity; never implies Nguyen Tu rents them","","proposed"
"MM-0450","Dat Bike Weaver","Dat Bike Weaver: Review and Specs for Vietnam Riders","dat bike weaver review vietnam","commercial","7-electric","7.1 electric-models","review","foreign riders in Hanoi","skeleton","yes","R3 manufacturer specs + range test conditions","VinFast Evo: Review and Specs for Vietnam Riders","One review/comparison per electric model entity; never implies Nguyen Tu rents them","","proposed"
"MM-0451","Selex Camel","Selex Camel: Review and Specs for Vietnam Riders","selex camel review vietnam","commercial","7-electric","7.1 electric-models","review","foreign riders in Hanoi","skeleton","yes","R3 manufacturer specs + range test conditions","Dat Bike Weaver: Review and Specs for Vietnam Riders","One review/comparison per electric model entity; never implies Nguyen Tu rents them","","proposed"
"MM-0452","Selex Scooter Lineup","Selex Scooter Lineup: Review and Specs for Vietnam Riders","selex scooter lineup review vietnam","commercial","7-electric","7.1 electric-models","review","foreign riders in Hanoi","skeleton","yes","R3 manufacturer specs + range test conditions","Selex Camel: Review and Specs for Vietnam Riders","One review/comparison per electric model entity; never implies Nguyen Tu rents them","","proposed"
"MM-0453","Yadea Scooters in Vietnam","Yadea Scooters in Vietnam: Review and Specs for Vietnam Riders","yadea scooters in vietnam review vietnam","commercial","7-electric","7.1 electric-models","review","foreign riders in Hanoi","skeleton","yes","R3 manufacturer specs + range test conditions","Selex Scooter Lineup: Review and Specs for Vietnam Riders","One review/comparison per electric model entity; never implies Nguyen Tu rents them","","proposed"
"MM-0454","Ikigai Bikes","Ikigai Bikes: Review and Specs for Vietnam Riders","ikigai bikes review vietnam","commercial","7-electric","7.1 electric-models","review","foreign riders in Hanoi","skeleton","yes","R3 manufacturer specs + range test conditions","Yadea Scooters in Vietnam: Review and Specs for Vietnam Riders","One review/comparison per electric model entity; never implies Nguyen Tu rents them","","proposed"
"MM-0455","Honsha E-Bikes","Honsha E-Bikes: Review and Specs for Vietnam Riders","honsha e-bikes review vietnam","commercial","7-electric","7.1 electric-models","review","foreign riders in Hanoi","skeleton","yes","R3 manufacturer specs + range test conditions","Ikigai Bikes: Review and Specs for Vietnam Riders","One review/comparison per electric model entity; never implies Nguyen Tu rents them","","proposed"
"MM-0456","VinFast Feliz 2025","VinFast Feliz 2025: Review and Specs for Vietnam Riders","vinfast feliz 2025 review vietnam","commercial","7-electric","7.1 electric-models","review","foreign riders in Hanoi","skeleton","yes","R3 manufacturer specs + range test conditions","Honsha E-Bikes: Review and Specs for Vietnam Riders","One review/comparison per electric model entity; never implies Nguyen Tu rents them","","proposed"
"MM-0457","VinFast Klara 2025","VinFast Klara 2025: Review and Specs for Vietnam Riders","vinfast klara 2025 review vietnam","commercial","7-electric","7.1 electric-models","review","foreign riders in Hanoi","skeleton","yes","R3 manufacturer specs + range test conditions","VinFast Feliz 2025: Review and Specs for Vietnam Riders","One review/comparison per electric model entity; never implies Nguyen Tu rents them","","proposed"
"MM-0458","Dat Bike Weaver 2025","Dat Bike Weaver 2025: Review and Specs for Vietnam Riders","dat bike weaver 2025 review vietnam","commercial","7-electric","7.1 electric-models","review","foreign riders in Hanoi","skeleton","yes","R3 manufacturer specs + range test conditions","VinFast Klara 2025: Review and Specs for Vietnam Riders","One review/comparison per electric model entity; never implies Nguyen Tu rents them","","proposed"
"MM-0459","Selex 2025 Lineup","Selex 2025 Lineup: Review and Specs for Vietnam Riders","selex 2025 lineup review vietnam","commercial","7-electric","7.1 electric-models","review","foreign riders in Hanoi","skeleton","yes","R3 manufacturer specs + range test conditions","Dat Bike Weaver 2025: Review and Specs for Vietnam Riders","One review/comparison per electric model entity; never implies Nguyen Tu rents them","","proposed"
"MM-0460","Best Electric Motorbikes in Vietnam Compared","Best Electric Motorbikes in Vietnam Compared: Review and Specs for Vietnam Riders","best electric motorbikes in vietnam compared review vietnam","commercial","7-electric","7.1 electric-models","review","foreign riders in Hanoi","skeleton","yes","R3 manufacturer specs + range test conditions","Selex 2025 Lineup: Review and Specs for Vietnam Riders","One review/comparison per electric model entity; never implies Nguyen Tu rents them","","proposed"
"MM-0461","Best Electric Scooters Under 30 Million VND","Best Electric Scooters Under 30 Million VND: Review and Specs for Vietnam Riders","best electric scooters under 30 million vnd review vietnam","commercial","7-electric","7.1 electric-models","review","foreign riders in Hanoi","skeleton","yes","R3 manufacturer specs + range test conditions","Best Electric Motorbikes in Vietnam Compared: Review and Specs for Vietnam Riders","One review/comparison per electric model entity; never implies Nguyen Tu rents them","","proposed"
"MM-0462","Best Long-Range Electric Motorbikes Vietnam","Best Long-Range Electric Motorbikes Vietnam: Review and Specs for Vietnam Riders","best long-range electric motorbikes vietnam review vietnam","commercial","7-electric","7.1 electric-models","review","foreign riders in Hanoi","skeleton","yes","R3 manufacturer specs + range test conditions","Best Electric Scooters Under 30 Million VND: Review and Specs for Vietnam Riders","One review/comparison per electric model entity; never implies Nguyen Tu rents them","","proposed"
"MM-0463","Fastest Electric Motorbikes in Vietnam","Fastest Electric Motorbikes in Vietnam: Review and Specs for Vietnam Riders","fastest electric motorbikes in vietnam review vietnam","commercial","7-electric","7.1 electric-models","review","foreign riders in Hanoi","skeleton","yes","R3 manufacturer specs + range test conditions","Best Long-Range Electric Motorbikes Vietnam: Review and Specs for Vietnam Riders","One review/comparison per electric model entity; never implies Nguyen Tu rents them","","proposed"
"MM-0464","VinFast","VinFast vs Dat Bike Compared: Review and Specs for Vietnam Riders","vinfast vs dat bike compared review vietnam","commercial","7-electric","7.1 electric-models","review","foreign riders in Hanoi","skeleton","yes","R3 manufacturer specs + range test conditions","Fastest Electric Motorbikes in Vietnam: Review and Specs for Vietnam Riders","One review/comparison per electric model entity; never implies Nguyen Tu rents them","","proposed"
"MM-0465","Selex","Selex vs VinFast Compared: Review and Specs for Vietnam Riders","selex vs vinfast compared review vietnam","commercial","7-electric","7.1 electric-models","review","foreign riders in Hanoi","skeleton","yes","R3 manufacturer specs + range test conditions","VinFast vs Dat Bike Compared: Review and Specs for Vietnam Riders","One review/comparison per electric model entity; never implies Nguyen Tu rents them","","proposed"
"MM-0466","Yadea","Yadea vs VinFast Compared: Review and Specs for Vietnam Riders","yadea vs vinfast compared review vietnam","commercial","7-electric","7.1 electric-models","review","foreign riders in Hanoi","skeleton","yes","R3 manufacturer specs + range test conditions","Selex vs VinFast Compared: Review and Specs for Vietnam Riders","One review/comparison per electric model entity; never implies Nguyen Tu rents them","","proposed"
"MM-0467","Electric Motorbikes with Removable Batteries","Electric Motorbikes with Removable Batteries: Review and Specs for Vietnam Riders","electric motorbikes with removable batteries review vietnam","commercial","7-electric","7.1 electric-models","review","foreign riders in Hanoi","skeleton","yes","R3 manufacturer specs + range test conditions","Yadea vs VinFast Compared: Review and Specs for Vietnam Riders","One review/comparison per electric model entity; never implies Nguyen Tu rents them","","proposed"
"MM-0468","Electric Motorbikes with Swap Stations in Hanoi","Electric Motorbikes with Swap Stations in Hanoi: Review and Specs for Vietnam Riders","electric motorbikes with swap stations in hanoi review vietnam","commercial","7-electric","7.1 electric-models","review","foreign riders in Hanoi","skeleton","yes","R3 manufacturer specs + range test conditions","Electric Motorbikes with Removable Batteries: Review and Specs for Vietnam Riders","One review/comparison per electric model entity; never implies Nguyen Tu rents them","","proposed"
"MM-0469","Best E-Bikes","Best E-Bikes for Hanoi Commuting: Review and Specs for Vietnam Riders","best e-bikes for hanoi commuting review vietnam","commercial","7-electric","7.1 electric-models","review","foreign riders in Hanoi","skeleton","yes","R3 manufacturer specs + range test conditions","Electric Motorbikes with Swap Stations in Hanoi: Review and Specs for Vietnam Riders","One review/comparison per electric model entity; never implies Nguyen Tu rents them","","proposed"
"MM-0470","Best Electric Bikes","Best Electric Bikes for Students: Review and Specs for Vietnam Riders","best electric bikes for students review vietnam","commercial","7-electric","7.1 electric-models","review","foreign riders in Hanoi","skeleton","yes","R3 manufacturer specs + range test conditions","Best E-Bikes for Hanoi Commuting: Review and Specs for Vietnam Riders","One review/comparison per electric model entity; never implies Nguyen Tu rents them","","proposed"
"MM-0471","Electric Motorbikes","Electric Motorbikes for Two-Up Riding: Review and Specs for Vietnam Riders","electric motorbikes for two-up riding review vietnam","commercial","7-electric","7.1 electric-models","review","foreign riders in Hanoi","skeleton","yes","R3 manufacturer specs + range test conditions","Best Electric Bikes for Students: Review and Specs for Vietnam Riders","One review/comparison per electric model entity; never implies Nguyen Tu rents them","","proposed"
"MM-0472","Best Value Electric Motorbikes Vietnam","Best Value Electric Motorbikes Vietnam: Review and Specs for Vietnam Riders","best value electric motorbikes vietnam review vietnam","commercial","7-electric","7.1 electric-models","review","foreign riders in Hanoi","skeleton","yes","R3 manufacturer specs + range test conditions","Electric Motorbikes for Two-Up Riding: Review and Specs for Vietnam Riders","One review/comparison per electric model entity; never implies Nguyen Tu rents them","","proposed"
"MM-0473","Electric Mopeds","Electric Mopeds vs Electric Motorbikes in Vietnam: Review and Specs for Vietnam Riders","electric mopeds vs electric motorbikes in vietnam review vietnam","commercial","7-electric","7.1 electric-models","review","foreign riders in Hanoi","skeleton","yes","R3 manufacturer specs + range test conditions","Best Value Electric Motorbikes Vietnam: Review and Specs for Vietnam Riders","One review/comparison per electric model entity; never implies Nguyen Tu rents them","","proposed"
"MM-0474","Electric Motorbike Battery Types in Vietnam","Electric Motorbike Battery Types in Vietnam: Lithium vs Lead-Acid","electric motorbike battery types","informational","7-electric","7.2 battery-charging","guide","foreign riders in Hanoi","owner-history (customer questions)","yes","R5 technical","cluster hub","Battery and charging how-tos; model specs live in 7.1","","proposed"
"MM-0475","How Long Does an Electric Motorbike Take to Charge?","How Long Does an Electric Motorbike Take to Charge?","electric motorbike charging time","informational","7-electric","7.2 battery-charging","guide","foreign riders in Hanoi","owner-history (customer questions)","yes","R5 technical","Electric Motorbike Battery Types in Vietnam: Lithium vs Lead-Acid","Battery and charging how-tos; model specs live in 7.1","","proposed"
"MM-0476","Charging an Electric Motorbike at Home in Hanoi","Charging an Electric Motorbike at Home in Hanoi","charge electric motorbike home","informational","7-electric","7.2 battery-charging","guide","foreign riders in Hanoi","owner-history (customer questions)","yes","R5 technical","How Long Does an Electric Motorbike Take to Charge?","Battery and charging how-tos; model specs live in 7.1","","proposed"
"MM-0477","Battery Swapping in Vietnam Explained","Battery Swapping in Vietnam Explained","battery swap station vietnam","informational","7-electric","7.2 battery-charging","guide","foreign riders in Hanoi","owner-history (customer questions)","yes","R5 technical","Charging an Electric Motorbike at Home in Hanoi","Battery and charging how-tos; model specs live in 7.1","","proposed"
"MM-0478","How Long Do Electric Motorbike Batteries Last?","How Long Do Electric Motorbike Batteries Last?","electric motorbike battery lifespan","informational","7-electric","7.2 battery-charging","guide","foreign riders in Hanoi","owner-history (customer questions)","yes","R5 technical","Battery Swapping in Vietnam Explained","Battery and charging how-tos; model specs live in 7.1","","proposed"
"MM-0479","Battery Care in Hanoi Heat and Humidity","Battery Care in Hanoi Heat and Humidity","electric bike battery heat humidity","informational","7-electric","7.2 battery-charging","guide","foreign riders in Hanoi","owner-history (customer questions)","yes","R5 technical","How Long Do Electric Motorbike Batteries Last?","Battery and charging how-tos; model specs live in 7.1","","proposed"
"MM-0480","Charging Safety in the Rainy Season","Charging Safety in the Rainy Season","charging electric bike rain","informational","7-electric","7.2 battery-charging","guide","foreign riders in Hanoi","owner-history (customer questions)","yes","R5 technical","Battery Care in Hanoi Heat and Humidity","Battery and charging how-tos; model specs live in 7.1","","proposed"
"MM-0481","Removable","Removable vs Fixed Batteries: Pros and Cons","removable battery electric bike","informational","7-electric","7.2 battery-charging","guide","foreign riders in Hanoi","owner-history (customer questions)","yes","R5 technical","Charging Safety in the Rainy Season","Battery and charging how-tos; model specs live in 7.1","","proposed"
"MM-0482","Reading Battery Capacity","Reading Battery Capacity: Ah, Wh and kWh Explained","battery capacity ah wh kwh","informational","7-electric","7.2 battery-charging","guide","foreign riders in Hanoi","owner-history (customer questions)","yes","R5 technical","Removable vs Fixed Batteries: Pros and Cons","Battery and charging how-tos; model specs live in 7.1","","proposed"
"MM-0483","How to Extend Electric Bike Battery Life","How to Extend Electric Bike Battery Life","extend electric bike battery life","informational","7-electric","7.2 battery-charging","guide","foreign riders in Hanoi","owner-history (customer questions)","yes","R5 technical","Reading Battery Capacity: Ah, Wh and kWh Explained","Battery and charging how-tos; model specs live in 7.1","","proposed"
"MM-0484","Signs Your Electric Bike Battery Is Dying","Signs Your Electric Bike Battery Is Dying","electric bike battery dying signs","informational","7-electric","7.2 battery-charging","guide","foreign riders in Hanoi","owner-history (customer questions)","yes","R5 technical","How to Extend Electric Bike Battery Life","Battery and charging how-tos; model specs live in 7.1","","proposed"
"MM-0485","Battery Replacement Costs in Vietnam","Battery Replacement Costs in Vietnam","electric bike battery replacement cost vietnam","informational","7-electric","7.2 battery-charging","guide","foreign riders in Hanoi","owner-history (customer questions)","yes","R5 technical","Signs Your Electric Bike Battery Is Dying","Battery and charging how-tos; model specs live in 7.1","","proposed"
"MM-0486","Charging at Offices and Apartments in Hanoi","Charging at Offices and Apartments in Hanoi","charging electric bike apartment hanoi","informational","7-electric","7.2 battery-charging","guide","foreign riders in Hanoi","owner-history (customer questions)","yes","R5 technical","Battery Replacement Costs in Vietnam","Battery and charging how-tos; model specs live in 7.1","","proposed"
"MM-0487","Public Charging Points in Hanoi","Public Charging Points in Hanoi","ev charging points hanoi motorbike","informational","7-electric","7.2 battery-charging","guide","foreign riders in Hanoi","owner-history (customer questions)","yes","R5 technical","Charging at Offices and Apartments in Hanoi","Battery and charging how-tos; model specs live in 7.1","","proposed"
"MM-0488","Fast Charging","Fast Charging vs Slow Charging Electric Bikes","fast charging electric bike","informational","7-electric","7.2 battery-charging","guide","foreign riders in Hanoi","owner-history (customer questions)","yes","R5 technical","Public Charging Points in Hanoi","Battery and charging how-tos; model specs live in 7.1","","proposed"
"MM-0489","Battery Warranties on Vietnamese Electric Bikes","Battery Warranties on Vietnamese Electric Bikes","electric bike battery warranty vietnam","informational","7-electric","7.2 battery-charging","guide","foreign riders in Hanoi","owner-history (customer questions)","yes","R5 technical","Fast Charging vs Slow Charging Electric Bikes","Battery and charging how-tos; model specs live in 7.1","","proposed"
"MM-0490","Lead-Acid Battery Maintenance Basics","Lead-Acid Battery Maintenance Basics","lead acid battery maintenance","informational","7-electric","7.2 battery-charging","guide","foreign riders in Hanoi","owner-history (customer questions)","yes","R5 technical","Battery Warranties on Vietnamese Electric Bikes","Battery and charging how-tos; model specs live in 7.1","","proposed"
"MM-0491","Lithium Battery Safety Basics","Lithium Battery Safety Basics","lithium battery safety motorbike","informational","7-electric","7.2 battery-charging","guide","foreign riders in Hanoi","owner-history (customer questions)","yes","R5 technical","Lead-Acid Battery Maintenance Basics","Battery and charging how-tos; model specs live in 7.1","","proposed"
"MM-0492","Second-Hand Electric Bikes and Battery Health","Second-Hand Electric Bikes and Battery Health","used electric bike battery health","informational","7-electric","7.2 battery-charging","guide","foreign riders in Hanoi","owner-history (customer questions)","yes","R5 technical","Lithium Battery Safety Basics","Battery and charging how-tos; model specs live in 7.1","","proposed"
"MM-0493","Storing a Bike Battery Over Long Absences","Storing a Bike Battery Over Long Absences","store electric bike battery","informational","7-electric","7.2 battery-charging","guide","foreign riders in Hanoi","owner-history (customer questions)","yes","R5 technical","Second-Hand Electric Bikes and Battery Health","Battery and charging how-tos; model specs live in 7.1","","proposed"
"MM-0494","How Far Can an Electric Motorbike Go on One Charge?","How Far Can an Electric Motorbike Go on One Charge?","electric motorbike range vietnam","informational","7-electric","7.3 range-performance","guide","foreign riders in Hanoi","owner-history (customer questions)","yes","R3 range claims need manufacturer test conditions","cluster hub","Range/performance explainers; per-model range numbers live in 7.1","","proposed"
"MM-0495","Why Real-World Range Differs from Claimed Range","Why Real-World Range Differs from Claimed Range","claimed vs real electric range","informational","7-electric","7.3 range-performance","guide","foreign riders in Hanoi","owner-history (customer questions)","yes","R3 range claims need manufacturer test conditions","How Far Can an Electric Motorbike Go on One Charge?","Range/performance explainers; per-model range numbers live in 7.1","","proposed"
"MM-0496","How Speed Affects Electric Bike Range","How Speed Affects Electric Bike Range","speed effect electric range","informational","7-electric","7.3 range-performance","guide","foreign riders in Hanoi","owner-history (customer questions)","yes","R3 range claims need manufacturer test conditions","Why Real-World Range Differs from Claimed Range","Range/performance explainers; per-model range numbers live in 7.1","","proposed"
"MM-0497","Cold, Heat and Battery Range in Vietnam","Cold, Heat and Battery Range in Vietnam","temperature electric bike range","informational","7-electric","7.3 range-performance","guide","foreign riders in Hanoi","owner-history (customer questions)","yes","R3 range claims need manufacturer test conditions","How Speed Affects Electric Bike Range","Range/performance explainers; per-model range numbers live in 7.1","","proposed"
"MM-0498","Carrying a Passenger","Carrying a Passenger: Range and Power Impact","passenger electric bike range","informational","7-electric","7.3 range-performance","guide","foreign riders in Hanoi","owner-history (customer questions)","yes","R3 range claims need manufacturer test conditions","Cold, Heat and Battery Range in Vietnam","Range/performance explainers; per-model range numbers live in 7.1","","proposed"
"MM-0499","Hanoi Hills and Bridges","Hanoi Hills and Bridges: Electric Bike Performance","electric bike hills hanoi","informational","7-electric","7.3 range-performance","guide","foreign riders in Hanoi","owner-history (customer questions)","yes","R3 range claims need manufacturer test conditions","Carrying a Passenger: Range and Power Impact","Range/performance explainers; per-model range numbers live in 7.1","","proposed"
"MM-0500","Electric Motorbike Acceleration in City Traffic","Electric Motorbike Acceleration in City Traffic","electric motorbike acceleration","informational","7-electric","7.3 range-performance","guide","foreign riders in Hanoi","owner-history (customer questions)","yes","R3 range claims need manufacturer test conditions","Hanoi Hills and Bridges: Electric Bike Performance","Range/performance explainers; per-model range numbers live in 7.1","","proposed"
"MM-0501","Top Speeds of Electric Bikes in Vietnam","Top Speeds of Electric Bikes in Vietnam: What to Expect","electric bike top speed vietnam","informational","7-electric","7.3 range-performance","guide","foreign riders in Hanoi","owner-history (customer questions)","yes","R3 range claims need manufacturer test conditions","Electric Motorbike Acceleration in City Traffic","Range/performance explainers; per-model range numbers live in 7.1","","proposed"
"MM-0502","Electric","Electric vs Petrol Running Costs Compared","electric vs petrol running cost","informational","7-electric","7.3 range-performance","guide","foreign riders in Hanoi","owner-history (customer questions)","yes","R3 range claims need manufacturer test conditions","Top Speeds of Electric Bikes in Vietnam: What to Expect","Range/performance explainers; per-model range numbers live in 7.1","","proposed"
"MM-0503","Electric","Electric vs Petrol Maintenance Costs","electric vs petrol maintenance cost","informational","7-electric","7.3 range-performance","guide","foreign riders in Hanoi","owner-history (customer questions)","yes","R3 range claims need manufacturer test conditions","Electric vs Petrol Running Costs Compared","Range/performance explainers; per-model range numbers live in 7.1","","proposed"
"MM-0504","Fuel Calculators","Fuel Calculators: Monthly Cost Electric vs Petrol in Hanoi","monthly cost electric vs petrol hanoi","informational","7-electric","7.3 range-performance","guide","foreign riders in Hanoi","owner-history (customer questions)","yes","R3 range claims need manufacturer test conditions","Electric vs Petrol Maintenance Costs","Range/performance explainers; per-model range numbers live in 7.1","","proposed"
"MM-0505","Range Anxiety","Range Anxiety for Hanoi Commuters: Real Data Points","range anxiety hanoi","informational","7-electric","7.3 range-performance","guide","foreign riders in Hanoi","owner-history (customer questions)","yes","R3 range claims need manufacturer test conditions","Fuel Calculators: Monthly Cost Electric vs Petrol in Hanoi","Range/performance explainers; per-model range numbers live in 7.1","","proposed"
"MM-0506","Long-Distance Trips on Electric Motorbikes","Long-Distance Trips on Electric Motorbikes: Possible?","electric motorbike long trip vietnam","informational","7-electric","7.3 range-performance","guide","foreign riders in Hanoi","owner-history (customer questions)","yes","R3 range claims need manufacturer test conditions","Range Anxiety for Hanoi Commuters: Real Data Points","Range/performance explainers; per-model range numbers live in 7.1","","proposed"
"MM-0507","Electric Bikes","Electric Bikes for Food Delivery Riders","electric bike delivery rider","informational","7-electric","7.3 range-performance","guide","foreign riders in Hanoi","owner-history (customer questions)","yes","R3 range claims need manufacturer test conditions","Long-Distance Trips on Electric Motorbikes: Possible?","Range/performance explainers; per-model range numbers live in 7.1","","proposed"
"MM-0508","Degradation","Degradation: Range Loss Over Years of Use","electric bike range degradation","informational","7-electric","7.3 range-performance","guide","foreign riders in Hanoi","owner-history (customer questions)","yes","R3 range claims need manufacturer test conditions","Electric Bikes for Food Delivery Riders","Range/performance explainers; per-model range numbers live in 7.1","","proposed"
"MM-0509","Do Electric Motorbikes Need Registration in Vietnam?","Do Electric Motorbikes Need Registration in Vietnam?","electric motorbike registration vietnam","informational","7-electric","7.4 electric-ownership","guide","foreign riders in Hanoi","owner-history (customer questions)","yes","R1 legal where cited","cluster hub","Buying/ownership logistics; registration law canonical in cluster 11","","proposed"
"MM-0510","E-Bikes","E-Bikes vs Electric Motorbikes: Legal Categories Explained","e-bike vs electric motorbike law vietnam","informational","7-electric","7.4 electric-ownership","guide","foreign riders in Hanoi","owner-history (customer questions)","yes","R1 legal where cited","Do Electric Motorbikes Need Registration in Vietnam?","Buying/ownership logistics; registration law canonical in cluster 11","","proposed"
"MM-0511","Do You Need a Licence","Do You Need a Licence for an Electric Motorbike in Vietnam?","licence for electric motorbike vietnam","informational","7-electric","7.4 electric-ownership","guide","foreign riders in Hanoi","owner-history (customer questions)","yes","R1 legal where cited","E-Bikes vs Electric Motorbikes: Legal Categories Explained","Buying/ownership logistics; registration law canonical in cluster 11","","proposed"
"MM-0512","Do You Need a Licence","Do You Need a Licence for an E-Bike in Vietnam?","licence for e-bike vietnam","informational","7-electric","7.4 electric-ownership","guide","foreign riders in Hanoi","owner-history (customer questions)","yes","R1 legal where cited","Do You Need a Licence for an Electric Motorbike in Vietnam?","Buying/ownership logistics; registration law canonical in cluster 11","","proposed"
"MM-0513","Buying a VinFast as a Foreigner","Buying a VinFast as a Foreigner","buy vinfast foreigner","informational","7-electric","7.4 electric-ownership","guide","foreign riders in Hanoi","owner-history (customer questions)","yes","R1 legal where cited","Do You Need a Licence for an E-Bike in Vietnam?","Buying/ownership logistics; registration law canonical in cluster 11","","proposed"
"MM-0514","Electric Bike Incentives and Registration Fees","Electric Bike Incentives and Registration Fees","electric bike incentives vietnam","informational","7-electric","7.4 electric-ownership","guide","foreign riders in Hanoi","owner-history (customer questions)","yes","R1 legal where cited","Buying a VinFast as a Foreigner","Buying/ownership logistics; registration law canonical in cluster 11","","proposed"
"MM-0515","Insurance","Insurance for Electric Motorbikes","electric motorbike insurance vietnam","informational","7-electric","7.4 electric-ownership","guide","foreign riders in Hanoi","owner-history (customer questions)","yes","R1 legal where cited","Electric Bike Incentives and Registration Fees","Buying/ownership logistics; registration law canonical in cluster 11","","proposed"
"MM-0516","Total Cost of Ownership","Total Cost of Ownership: Electric Scooter vs Petrol Scooter","total cost electric vs petrol scooter","informational","7-electric","7.4 electric-ownership","guide","foreign riders in Hanoi","owner-history (customer questions)","yes","R1 legal where cited","Insurance for Electric Motorbikes","Buying/ownership logistics; registration law canonical in cluster 11","","proposed"
"MM-0517","Resale Value of Electric Bikes in Vietnam","Resale Value of Electric Bikes in Vietnam","electric bike resale vietnam","informational","7-electric","7.4 electric-ownership","guide","foreign riders in Hanoi","owner-history (customer questions)","yes","R1 legal where cited","Total Cost of Ownership: Electric Scooter vs Petrol Scooter","Buying/ownership logistics; registration law canonical in cluster 11","","proposed"
"MM-0518","Where to Service Electric Motorbikes in Hanoi","Where to Service Electric Motorbikes in Hanoi","electric motorbike service hanoi","informational","7-electric","7.4 electric-ownership","guide","foreign riders in Hanoi","owner-history (customer questions)","yes","R1 legal where cited","Resale Value of Electric Bikes in Vietnam","Buying/ownership logistics; registration law canonical in cluster 11","","proposed"
"MM-0519","Spare Parts Availability","Spare Parts Availability for Electric Bikes","electric bike spare parts vietnam","informational","7-electric","7.4 electric-ownership","guide","foreign riders in Hanoi","owner-history (customer questions)","yes","R1 legal where cited","Where to Service Electric Motorbikes in Hanoi","Buying/ownership logistics; registration law canonical in cluster 11","","proposed"
"MM-0520","Charging at Home","Charging at Home: Electrical Setup Basics","home charging setup electric bike","informational","7-electric","7.4 electric-ownership","guide","foreign riders in Hanoi","owner-history (customer questions)","yes","R1 legal where cited","Spare Parts Availability for Electric Bikes","Buying/ownership logistics; registration law canonical in cluster 11","","proposed"
"MM-0521","Renting Electric Motorbikes in Hanoi","Renting Electric Motorbikes in Hanoi","rent electric motorbike hanoi","informational","7-electric","7.4 electric-ownership","guide","foreign riders in Hanoi","owner-history (customer questions)","yes","R1 legal where cited","Charging at Home: Electrical Setup Basics","Buying/ownership logistics; registration law canonical in cluster 11","","proposed"
"MM-0522","Renting E-Bikes in Hanoi","Renting E-Bikes in Hanoi","rent e-bike hanoi","informational","7-electric","7.4 electric-ownership","guide","foreign riders in Hanoi","owner-history (customer questions)","yes","R1 legal where cited","Renting Electric Motorbikes in Hanoi","Buying/ownership logistics; registration law canonical in cluster 11","","proposed"
"MM-0523","Electric Motorbike Warranties Compared","Electric Motorbike Warranties Compared","electric motorbike warranty vietnam","informational","7-electric","7.4 electric-ownership","guide","foreign riders in Hanoi","owner-history (customer questions)","yes","R1 legal where cited","Renting E-Bikes in Hanoi","Buying/ownership logistics; registration law canonical in cluster 11","","proposed"
"MM-0524","Are Electric Motorbikes Practical in Hanoi?","Are Electric Motorbikes Practical in Hanoi?","electric motorbike practical hanoi","informational","7-electric","7.5 electric-hanoi","guide","foreign riders in Hanoi","owner-history+skeleton","yes","none","cluster hub","Hanoi-specific electric suitability; ownership logistics in 7.4","","proposed"
"MM-0525","Electric","Electric vs Petrol for Hanoi Commuting","electric vs petrol hanoi commuting","informational","7-electric","7.5 electric-hanoi","guide","foreign riders in Hanoi","owner-history+skeleton","yes","none","Are Electric Motorbikes Practical in Hanoi?","Hanoi-specific electric suitability; ownership logistics in 7.4","","proposed"
"MM-0526","Riding Electric Bikes in Hanoi Rain and Floods","Riding Electric Bikes in Hanoi Rain and Floods","electric bike rain flood hanoi","informational","7-electric","7.5 electric-hanoi","guide","foreign riders in Hanoi","owner-history+skeleton","yes","none","Electric vs Petrol for Hanoi Commuting","Hanoi-specific electric suitability; ownership logistics in 7.4","","proposed"
"MM-0527","Electric Bikes and Hanoi Air Quality","Electric Bikes and Hanoi Air Quality","electric bikes air quality hanoi","informational","7-electric","7.5 electric-hanoi","guide","foreign riders in Hanoi","owner-history+skeleton","yes","none","Riding Electric Bikes in Hanoi Rain and Floods","Hanoi-specific electric suitability; ownership logistics in 7.4","","proposed"
"MM-0528","Charging Infrastructure Across Hanoi Districts","Charging Infrastructure Across Hanoi Districts","hanoi charging infrastructure","informational","7-electric","7.5 electric-hanoi","guide","foreign riders in Hanoi","owner-history+skeleton","yes","none","Electric Bikes and Hanoi Air Quality","Hanoi-specific electric suitability; ownership logistics in 7.4","","proposed"
"MM-0529","Electric Bikes","Electric Bikes for Tay Ho and Long Bien Commutes","electric commute tay ho long bien","informational","7-electric","7.5 electric-hanoi","guide","foreign riders in Hanoi","owner-history+skeleton","yes","none","Charging Infrastructure Across Hanoi Districts","Hanoi-specific electric suitability; ownership logistics in 7.4","","proposed"
"MM-0530","Battery Theft and Parking Security in Hanoi","Battery Theft and Parking Security in Hanoi","battery theft electric bike hanoi","informational","7-electric","7.5 electric-hanoi","guide","foreign riders in Hanoi","owner-history+skeleton","yes","none","Electric Bikes for Tay Ho and Long Bien Commutes","Hanoi-specific electric suitability; ownership logistics in 7.4","","proposed"
"MM-0531","Using Electric Bikes","Using Electric Bikes for School Runs in Hanoi","electric bike school run hanoi","informational","7-electric","7.5 electric-hanoi","guide","foreign riders in Hanoi","owner-history+skeleton","yes","none","Battery Theft and Parking Security in Hanoi","Hanoi-specific electric suitability; ownership logistics in 7.4","","proposed"
"MM-0532","Delivery and Grab Work on Electric Bikes in Hanoi","Delivery and Grab Work on Electric Bikes in Hanoi","grab electric bike hanoi","informational","7-electric","7.5 electric-hanoi","guide","foreign riders in Hanoi","owner-history+skeleton","yes","none","Using Electric Bikes for School Runs in Hanoi","Hanoi-specific electric suitability; ownership logistics in 7.4","","proposed"
"MM-0533","The Future of Electric Two-Wheelers in Hanoi","The Future of Electric Two-Wheelers in Hanoi","future electric two wheelers hanoi","informational","7-electric","7.5 electric-hanoi","guide","foreign riders in Hanoi","owner-history+skeleton","yes","none","Delivery and Grab Work on Electric Bikes in Hanoi","Hanoi-specific electric suitability; ownership logistics in 7.4","","proposed"
"MM-0534","Motorbike Maintenance Basics Every Rider Should Know","Motorbike Maintenance Basics Every Rider Should Know","motorbike maintenance basics","informational","8-maintenance","8.1 routine-maintenance","how-to","foreign riders in Hanoi","skeleton","yes","R5: no invented intervals/torques/capacities","cluster hub","One maintenance task per article; intervals verified where model-specific (R5)","","proposed"
"MM-0535","How to Change Motorbike Engine Oil","How to Change Motorbike Engine Oil","change motorbike engine oil","informational","8-maintenance","8.1 routine-maintenance","how-to","foreign riders in Hanoi","skeleton","yes","R5: no invented intervals/torques/capacities","Motorbike Maintenance Basics Every Rider Should Know","One maintenance task per article; intervals verified where model-specific (R5)","","proposed"
"MM-0536","How Often to Change Engine Oil in Vietnam Conditions","How Often to Change Engine Oil in Vietnam Conditions","engine oil change interval vietnam","informational","8-maintenance","8.1 routine-maintenance","how-to","foreign riders in Hanoi","skeleton","yes","R5: no invented intervals/torques/capacities","How to Change Motorbike Engine Oil","One maintenance task per article; intervals verified where model-specific (R5)","","proposed"
"MM-0537","Choosing the Right Engine Oil","Choosing the Right Engine Oil for Your Motorbike","motorbike oil type vietnam","informational","8-maintenance","8.1 routine-maintenance","how-to","foreign riders in Hanoi","skeleton","yes","R5: no invented intervals/torques/capacities","How Often to Change Engine Oil in Vietnam Conditions","One maintenance task per article; intervals verified where model-specific (R5)","","proposed"
"MM-0538","Checking and Cleaning an Air Filter","Checking and Cleaning an Air Filter","clean motorbike air filter","informational","8-maintenance","8.1 routine-maintenance","how-to","foreign riders in Hanoi","skeleton","yes","R5: no invented intervals/torques/capacities","Choosing the Right Engine Oil for Your Motorbike","One maintenance task per article; intervals verified where model-specific (R5)","","proposed"
"MM-0539","Chain Cleaning and Lubrication Step by Step","Chain Cleaning and Lubrication Step by Step","motorbike chain cleaning lube","informational","8-maintenance","8.1 routine-maintenance","how-to","foreign riders in Hanoi","skeleton","yes","R5: no invented intervals/torques/capacities","Checking and Cleaning an Air Filter","One maintenance task per article; intervals verified where model-specific (R5)","","proposed"
"MM-0540","Chain Tension","Chain Tension: How to Check and When to Adjust","motorbike chain tension check","informational","8-maintenance","8.1 routine-maintenance","how-to","foreign riders in Hanoi","skeleton","yes","R5: no invented intervals/torques/capacities","Chain Cleaning and Lubrication Step by Step","One maintenance task per article; intervals verified where model-specific (R5)","","proposed"
"MM-0541","Brake Pad Wear","Brake Pad Wear: How to Inspect","check brake pads motorbike","informational","8-maintenance","8.1 routine-maintenance","how-to","foreign riders in Hanoi","skeleton","yes","R5: no invented intervals/torques/capacities","Chain Tension: How to Check and When to Adjust","One maintenance task per article; intervals verified where model-specific (R5)","","proposed"
"MM-0542","Checking Brake Fluid on Disc Brakes","Checking Brake Fluid on Disc Brakes","motorbike brake fluid check","informational","8-maintenance","8.1 routine-maintenance","how-to","foreign riders in Hanoi","skeleton","yes","R5: no invented intervals/torques/capacities","Brake Pad Wear: How to Inspect","One maintenance task per article; intervals verified where model-specific (R5)","","proposed"
"MM-0543","Tyre Pressure","Tyre Pressure: What to Run and How to Check","motorbike tyre pressure check","informational","8-maintenance","8.1 routine-maintenance","how-to","foreign riders in Hanoi","skeleton","yes","R5: no invented intervals/torques/capacities","Checking Brake Fluid on Disc Brakes","One maintenance task per article; intervals verified where model-specific (R5)","","proposed"
"MM-0544","When to Replace Motorbike Tyres","When to Replace Motorbike Tyres","when replace motorbike tyres","informational","8-maintenance","8.1 routine-maintenance","how-to","foreign riders in Hanoi","skeleton","yes","R5: no invented intervals/torques/capacities","Tyre Pressure: What to Run and How to Check","One maintenance task per article; intervals verified where model-specific (R5)","","proposed"
"MM-0545","Battery Care","Battery Care for Petrol Motorbikes","motorbike battery care","informational","8-maintenance","8.1 routine-maintenance","how-to","foreign riders in Hanoi","skeleton","yes","R5: no invented intervals/torques/capacities","When to Replace Motorbike Tyres","One maintenance task per article; intervals verified where model-specific (R5)","","proposed"
"MM-0546","Checking and Replacing Spark Plugs","Checking and Replacing Spark Plugs","motorbike spark plug replacement","informational","8-maintenance","8.1 routine-maintenance","how-to","foreign riders in Hanoi","skeleton","yes","R5: no invented intervals/torques/capacities","Battery Care for Petrol Motorbikes","One maintenance task per article; intervals verified where model-specific (R5)","","proposed"
"MM-0547","Coolant Checks on Liquid-Cooled Bikes","Coolant Checks on Liquid-Cooled Bikes","motorbike coolant check","informational","8-maintenance","8.1 routine-maintenance","how-to","foreign riders in Hanoi","skeleton","yes","R5: no invented intervals/torques/capacities","Checking and Replacing Spark Plugs","One maintenance task per article; intervals verified where model-specific (R5)","","proposed"
"MM-0548","Cable Maintenance","Cable Maintenance: Throttle, Brake and Clutch","motorbike cable maintenance","informational","8-maintenance","8.1 routine-maintenance","how-to","foreign riders in Hanoi","skeleton","yes","R5: no invented intervals/torques/capacities","Coolant Checks on Liquid-Cooled Bikes","One maintenance task per article; intervals verified where model-specific (R5)","","proposed"
"MM-0549","Light and Horn Checks Before Riding","Light and Horn Checks Before Riding","motorbike light check","informational","8-maintenance","8.1 routine-maintenance","how-to","foreign riders in Hanoi","skeleton","yes","R5: no invented intervals/torques/capacities","Cable Maintenance: Throttle, Brake and Clutch","One maintenance task per article; intervals verified where model-specific (R5)","","proposed"
"MM-0550","Mirror and Visibility Checks","Mirror and Visibility Checks","motorbike mirror adjustment","informational","8-maintenance","8.1 routine-maintenance","how-to","foreign riders in Hanoi","skeleton","yes","R5: no invented intervals/torques/capacities","Light and Horn Checks Before Riding","One maintenance task per article; intervals verified where model-specific (R5)","","proposed"
"MM-0551","Washing Your Motorbike Properly","Washing Your Motorbike Properly","how to wash motorbike","informational","8-maintenance","8.1 routine-maintenance","how-to","foreign riders in Hanoi","skeleton","yes","R5: no invented intervals/torques/capacities","Mirror and Visibility Checks","One maintenance task per article; intervals verified where model-specific (R5)","","proposed"
"MM-0552","Storing a Motorbike","Storing a Motorbike for Weeks Without Riding","store motorbike weeks","informational","8-maintenance","8.1 routine-maintenance","how-to","foreign riders in Hanoi","skeleton","yes","R5: no invented intervals/torques/capacities","Washing Your Motorbike Properly","One maintenance task per article; intervals verified where model-specific (R5)","","proposed"
"MM-0553","Monsoon-Season Maintenance Checklist","Monsoon-Season Maintenance Checklist","motorbike rainy season maintenance","informational","8-maintenance","8.1 routine-maintenance","how-to","foreign riders in Hanoi","skeleton","yes","R5: no invented intervals/torques/capacities","Storing a Motorbike for Weeks Without Riding","One maintenance task per article; intervals verified where model-specific (R5)","","proposed"
"MM-0554","Winter Maintenance in Northern Vietnam","Winter Maintenance in Northern Vietnam","motorbike winter maintenance vietnam","informational","8-maintenance","8.1 routine-maintenance","how-to","foreign riders in Hanoi","skeleton","yes","R5: no invented intervals/torques/capacities","Monsoon-Season Maintenance Checklist","One maintenance task per article; intervals verified where model-specific (R5)","","proposed"
"MM-0555","Post-Trip Inspection After Long Rides","Post-Trip Inspection After Long Rides","post ride inspection motorbike","informational","8-maintenance","8.1 routine-maintenance","how-to","foreign riders in Hanoi","skeleton","yes","R5: no invented intervals/torques/capacities","Winter Maintenance in Northern Vietnam","One maintenance task per article; intervals verified where model-specific (R5)","","proposed"
"MM-0556","Monthly Maintenance Checklist","Monthly Maintenance Checklist for Commuters","monthly motorbike checklist","informational","8-maintenance","8.1 routine-maintenance","how-to","foreign riders in Hanoi","skeleton","yes","R5: no invented intervals/torques/capacities","Post-Trip Inspection After Long Rides","One maintenance task per article; intervals verified where model-specific (R5)","","proposed"
"MM-0557","Maintenance Schedule Concepts","Maintenance Schedule Concepts: Time vs Distance","motorbike maintenance schedule","informational","8-maintenance","8.1 routine-maintenance","how-to","foreign riders in Hanoi","skeleton","yes","R5: no invented intervals/torques/capacities","Monthly Maintenance Checklist for Commuters","One maintenance task per article; intervals verified where model-specific (R5)","","proposed"
"MM-0558","When to Go to a Workshop","When to Go to a Workshop vs DIY","motorbike diy vs workshop","informational","8-maintenance","8.1 routine-maintenance","how-to","foreign riders in Hanoi","skeleton","yes","R5: no invented intervals/torques/capacities","Maintenance Schedule Concepts: Time vs Distance","One maintenance task per article; intervals verified where model-specific (R5)","","proposed"
"MM-0559","Motorbike Won’t Start","Motorbike Won’t Start: Systematic Diagnosis","motorbike wont start","informational","8-maintenance","8.2 troubleshooting","how-to","foreign riders in Hanoi","skeleton","yes","R5 technical","cluster hub","One symptom per article","","proposed"
"MM-0560","Clicking Sound When Starting","Clicking Sound When Starting: What It Means","motorbike clicking wont start","informational","8-maintenance","8.2 troubleshooting","how-to","foreign riders in Hanoi","skeleton","yes","R5 technical","Motorbike Won’t Start: Systematic Diagnosis","One symptom per article","","proposed"
"MM-0561","Flat Battery","Flat Battery: Jump-Starting and Causes","motorbike flat battery","informational","8-maintenance","8.2 troubleshooting","how-to","foreign riders in Hanoi","skeleton","yes","R5 technical","Clicking Sound When Starting: What It Means","One symptom per article","","proposed"
"MM-0562","Motorbike Starts Then Dies","Motorbike Starts Then Dies: Causes","motorbike starts then dies","informational","8-maintenance","8.2 troubleshooting","how-to","foreign riders in Hanoi","skeleton","yes","R5 technical","Flat Battery: Jump-Starting and Causes","One symptom per article","","proposed"
"MM-0563","Engine Overheating","Engine Overheating: Causes and First Steps","motorbike overheating","informational","8-maintenance","8.2 troubleshooting","how-to","foreign riders in Hanoi","skeleton","yes","R5 technical","Motorbike Starts Then Dies: Causes","One symptom per article","","proposed"
"MM-0564","Brakes Squealing","Brakes Squealing: Why and What to Do","motorbike brakes squealing","informational","8-maintenance","8.2 troubleshooting","how-to","foreign riders in Hanoi","skeleton","yes","R5 technical","Engine Overheating: Causes and First Steps","One symptom per article","","proposed"
"MM-0565","Brakes Feel Spongy","Brakes Feel Spongy: Causes","spongy brake lever motorbike","informational","8-maintenance","8.2 troubleshooting","how-to","foreign riders in Hanoi","skeleton","yes","R5 technical","Brakes Squealing: Why and What to Do","One symptom per article","","proposed"
"MM-0566","Poor Fuel Economy","Poor Fuel Economy: Common Causes","motorbike poor fuel economy","informational","8-maintenance","8.2 troubleshooting","how-to","foreign riders in Hanoi","skeleton","yes","R5 technical","Brakes Feel Spongy: Causes","One symptom per article","","proposed"
"MM-0567","Engine Hesitation and Stuttering","Engine Hesitation and Stuttering","motorbike hesitation acceleration","informational","8-maintenance","8.2 troubleshooting","how-to","foreign riders in Hanoi","skeleton","yes","R5 technical","Poor Fuel Economy: Common Causes","One symptom per article","","proposed"
"MM-0568","Rough Idle on Carburettor Bikes","Rough Idle on Carburettor Bikes","motorbike rough idle carburettor","informational","8-maintenance","8.2 troubleshooting","how-to","foreign riders in Hanoi","skeleton","yes","R5 technical","Engine Hesitation and Stuttering","One symptom per article","","proposed"
"MM-0569","Black Smoke from the Exhaust","Black Smoke from the Exhaust","motorbike black smoke","informational","8-maintenance","8.2 troubleshooting","how-to","foreign riders in Hanoi","skeleton","yes","R5 technical","Rough Idle on Carburettor Bikes","One symptom per article","","proposed"
"MM-0570","White Smoke from the Exhaust","White Smoke from the Exhaust","motorbike white smoke","informational","8-maintenance","8.2 troubleshooting","how-to","foreign riders in Hanoi","skeleton","yes","R5 technical","Black Smoke from the Exhaust","One symptom per article","","proposed"
"MM-0571","Blue Smoke and Oil Burning","Blue Smoke and Oil Burning","motorbike blue smoke oil","informational","8-maintenance","8.2 troubleshooting","how-to","foreign riders in Hanoi","skeleton","yes","R5 technical","White Smoke from the Exhaust","One symptom per article","","proposed"
"MM-0572","Strange Engine Noises","Strange Engine Noises: A Rider’s Guide","motorbike engine noise diagnosis","informational","8-maintenance","8.2 troubleshooting","how-to","foreign riders in Hanoi","skeleton","yes","R5 technical","Blue Smoke and Oil Burning","One symptom per article","","proposed"
"MM-0573","Vibration and Buzzing While Riding","Vibration and Buzzing While Riding","motorbike vibration causes","informational","8-maintenance","8.2 troubleshooting","how-to","foreign riders in Hanoi","skeleton","yes","R5 technical","Strange Engine Noises: A Rider’s Guide","One symptom per article","","proposed"
"MM-0574","Wobbling at Speed","Wobbling at Speed: Causes","motorbike wobble at speed","informational","8-maintenance","8.2 troubleshooting","how-to","foreign riders in Hanoi","skeleton","yes","R5 technical","Vibration and Buzzing While Riding","One symptom per article","","proposed"
"MM-0575","Electrical Faults","Electrical Faults: Lights and Indicators","motorbike electrical faults","informational","8-maintenance","8.2 troubleshooting","how-to","foreign riders in Hanoi","skeleton","yes","R5 technical","Wobbling at Speed: Causes","One symptom per article","","proposed"
"MM-0576","Horn Not Working","Horn Not Working: Simple Checks","motorbike horn not working","informational","8-maintenance","8.2 troubleshooting","how-to","foreign riders in Hanoi","skeleton","yes","R5 technical","Electrical Faults: Lights and Indicators","One symptom per article","","proposed"
"MM-0577","Headlight Dim or Flickering","Headlight Dim or Flickering","motorbike headlight dim","informational","8-maintenance","8.2 troubleshooting","how-to","foreign riders in Hanoi","skeleton","yes","R5 technical","Horn Not Working: Simple Checks","One symptom per article","","proposed"
"MM-0578","Fuel Leaks","Fuel Leaks: What to Check","motorbike fuel leak","informational","8-maintenance","8.2 troubleshooting","how-to","foreign riders in Hanoi","skeleton","yes","R5 technical","Headlight Dim or Flickering","One symptom per article","","proposed"
"MM-0579","Oil Leaks","Oil Leaks: Finding the Source","motorbike oil leak","informational","8-maintenance","8.2 troubleshooting","how-to","foreign riders in Hanoi","skeleton","yes","R5 technical","Fuel Leaks: What to Check","One symptom per article","","proposed"
"MM-0580","Chain Keeps Coming Loose","Chain Keeps Coming Loose","motorbike chain keeps loosening","informational","8-maintenance","8.2 troubleshooting","how-to","foreign riders in Hanoi","skeleton","yes","R5 technical","Oil Leaks: Finding the Source","One symptom per article","","proposed"
"MM-0581","Clutch Slipping or Dragging","Clutch Slipping or Dragging","clutch slipping dragging diagnosis","informational","8-maintenance","8.2 troubleshooting","how-to","foreign riders in Hanoi","skeleton","yes","R5 technical","Chain Keeps Coming Loose","One symptom per article","","proposed"
"MM-0582","Hard Starting When Cold","Hard Starting When Cold","motorbike hard start cold morning","informational","8-maintenance","8.2 troubleshooting","how-to","foreign riders in Hanoi","skeleton","yes","R5 technical","Clutch Slipping or Dragging","One symptom per article","","proposed"
"MM-0583","Hard Starting When Hot","Hard Starting When Hot","motorbike hard start hot","informational","8-maintenance","8.2 troubleshooting","how-to","foreign riders in Hanoi","skeleton","yes","R5 technical","Hard Starting When Cold","One symptom per article","","proposed"
"MM-0584","Bike Runs Fine Cold, Poorly Hot","Bike Runs Fine Cold, Poorly Hot","motorbike runs poorly when hot","informational","8-maintenance","8.2 troubleshooting","how-to","foreign riders in Hanoi","skeleton","yes","R5 technical","Hard Starting When Hot","One symptom per article","","proposed"
"MM-0585","Tyre Keeps Losing Pressure","Tyre Keeps Losing Pressure","motorbike tyre losing pressure","informational","8-maintenance","8.2 troubleshooting","how-to","foreign riders in Hanoi","skeleton","yes","R5 technical","Bike Runs Fine Cold, Poorly Hot","One symptom per article","","proposed"
"MM-0586","Wheel Bearing Noise","Wheel Bearing Noise","motorbike wheel bearing noise","informational","8-maintenance","8.2 troubleshooting","how-to","foreign riders in Hanoi","skeleton","yes","R5 technical","Tyre Keeps Losing Pressure","One symptom per article","","proposed"
"MM-0587","Suspension Feels Bouncy or Harsh","Suspension Feels Bouncy or Harsh","motorbike suspension problems","informational","8-maintenance","8.2 troubleshooting","how-to","foreign riders in Hanoi","skeleton","yes","R5 technical","Wheel Bearing Noise","One symptom per article","","proposed"
"MM-0588","Fuel Tap and Petcock Problems","Fuel Tap and Petcock Problems","motorbike fuel tap problems","informational","8-maintenance","8.2 troubleshooting","how-to","foreign riders in Hanoi","skeleton","yes","R5 technical","Suspension Feels Bouncy or Harsh","One symptom per article","","proposed"
"MM-0589","How a CVT Transmission Works","How a CVT Transmission Works","how cvt works scooter","informational","8-maintenance","8.3 systems-explained","guide","foreign riders in Hanoi","skeleton","yes","R5 technical","cluster hub","How-it-works explainers; one system per article","","proposed"
"MM-0590","CVT Belt and Rollers","CVT Belt and Rollers: What They Do","cvt belt rollers explained","informational","8-maintenance","8.3 systems-explained","guide","foreign riders in Hanoi","skeleton","yes","R5 technical","How a CVT Transmission Works","How-it-works explainers; one system per article","","proposed"
"MM-0591","How Drum Brakes Work","How Drum Brakes Work","how drum brakes work motorbike","informational","8-maintenance","8.3 systems-explained","guide","foreign riders in Hanoi","skeleton","yes","R5 technical","CVT Belt and Rollers: What They Do","How-it-works explainers; one system per article","","proposed"
"MM-0592","How Disc Brakes Work","How Disc Brakes Work","how disc brakes work motorbike","informational","8-maintenance","8.3 systems-explained","guide","foreign riders in Hanoi","skeleton","yes","R5 technical","How Drum Brakes Work","How-it-works explainers; one system per article","","proposed"
"MM-0593","ABS on Motorbikes Explained","ABS on Motorbikes Explained","motorbike abs explained","informational","8-maintenance","8.3 systems-explained","guide","foreign riders in Hanoi","skeleton","yes","R5 technical","How Disc Brakes Work","How-it-works explainers; one system per article","","proposed"
"MM-0594","CBS (Combined Braking) Explained","CBS (Combined Braking) Explained","cbs motorbike explained","informational","8-maintenance","8.3 systems-explained","guide","foreign riders in Hanoi","skeleton","yes","R5 technical","ABS on Motorbikes Explained","How-it-works explainers; one system per article","","proposed"
"MM-0595","How Carburettors Work","How Carburettors Work","how carburettor works motorbike","informational","8-maintenance","8.3 systems-explained","guide","foreign riders in Hanoi","skeleton","yes","R5 technical","CBS (Combined Braking) Explained","How-it-works explainers; one system per article","","proposed"
"MM-0596","How Fuel Injection Works","How Fuel Injection Works","how fuel injection works motorbike","informational","8-maintenance","8.3 systems-explained","guide","foreign riders in Hanoi","skeleton","yes","R5 technical","How Carburettors Work","How-it-works explainers; one system per article","","proposed"
"MM-0597","2-Stroke","2-Stroke vs 4-Stroke Engines","2 stroke vs 4 stroke motorbike","informational","8-maintenance","8.3 systems-explained","guide","foreign riders in Hanoi","skeleton","yes","R5 technical","How Fuel Injection Works","How-it-works explainers; one system per article","","proposed"
"MM-0598","How a Motorbike Charging System Works","How a Motorbike Charging System Works","motorbike charging system explained","informational","8-maintenance","8.3 systems-explained","guide","foreign riders in Hanoi","skeleton","yes","R5 technical","2-Stroke vs 4-Stroke Engines","How-it-works explainers; one system per article","","proposed"
"MM-0599","What a Voltage Regulator Does","What a Voltage Regulator Does","motorbike voltage regulator","informational","8-maintenance","8.3 systems-explained","guide","foreign riders in Hanoi","skeleton","yes","R5 technical","How a Motorbike Charging System Works","How-it-works explainers; one system per article","","proposed"
"MM-0600","How Motorbike Ignition Systems Work","How Motorbike Ignition Systems Work","motorbike ignition system explained","informational","8-maintenance","8.3 systems-explained","guide","foreign riders in Hanoi","skeleton","yes","R5 technical","What a Voltage Regulator Does","How-it-works explainers; one system per article","","proposed"
"MM-0601","Wet Clutch","Wet Clutch vs Dry Clutch","wet clutch vs dry clutch","informational","8-maintenance","8.3 systems-explained","guide","foreign riders in Hanoi","skeleton","yes","R5 technical","How Motorbike Ignition Systems Work","How-it-works explainers; one system per article","","proposed"
"MM-0602","How Suspension Works on Motorbikes","How Suspension Works on Motorbikes","motorbike suspension explained","informational","8-maintenance","8.3 systems-explained","guide","foreign riders in Hanoi","skeleton","yes","R5 technical","Wet Clutch vs Dry Clutch","How-it-works explainers; one system per article","","proposed"
"MM-0603","Tyre Construction and Types","Tyre Construction and Types for Motorbikes","motorbike tyre types explained","informational","8-maintenance","8.3 systems-explained","guide","foreign riders in Hanoi","skeleton","yes","R5 technical","How Suspension Works on Motorbikes","How-it-works explainers; one system per article","","proposed"
"MM-0604","Tube","Tube vs Tubeless Tyres on Motorbikes","tube vs tubeless motorbike","informational","8-maintenance","8.3 systems-explained","guide","foreign riders in Hanoi","skeleton","yes","R5 technical","Tyre Construction and Types for Motorbikes","How-it-works explainers; one system per article","","proposed"
"MM-0605","How Electric Motorbike Controllers Work","How Electric Motorbike Controllers Work","electric motorbike controller explained","informational","8-maintenance","8.3 systems-explained","guide","foreign riders in Hanoi","skeleton","yes","R5 technical","Tube vs Tubeless Tyres on Motorbikes","How-it-works explainers; one system per article","","proposed"
"MM-0606","Hub Motors","Hub Motors vs Mid Motors on E-Bikes","hub motor vs mid drive","informational","8-maintenance","8.3 systems-explained","guide","foreign riders in Hanoi","skeleton","yes","R5 technical","How Electric Motorbike Controllers Work","How-it-works explainers; one system per article","","proposed"
"MM-0607","Regenerative Braking on Electric Bikes","Regenerative Braking on Electric Bikes","regenerative braking electric bike","informational","8-maintenance","8.3 systems-explained","guide","foreign riders in Hanoi","skeleton","yes","R5 technical","Hub Motors vs Mid Motors on E-Bikes","How-it-works explainers; one system per article","","proposed"
"MM-0608","Battery Management Systems (BMS) Explained","Battery Management Systems (BMS) Explained","bms electric bike battery","informational","8-maintenance","8.3 systems-explained","guide","foreign riders in Hanoi","skeleton","yes","R5 technical","Regenerative Braking on Electric Bikes","How-it-works explainers; one system per article","","proposed"
"MM-0609","Air-Cooled","Air-Cooled vs Liquid-Cooled Engines","air cooled vs liquid cooled motorbike","informational","8-maintenance","8.3 systems-explained","guide","foreign riders in Hanoi","skeleton","yes","R5 technical","Battery Management Systems (BMS) Explained","How-it-works explainers; one system per article","","proposed"
"MM-0610","Engine Oils Grades Explained Simply","Engine Oils Grades Explained Simply","motorbike oil grades explained","informational","8-maintenance","8.3 systems-explained","guide","foreign riders in Hanoi","skeleton","yes","R5 technical","Air-Cooled vs Liquid-Cooled Engines","How-it-works explainers; one system per article","","proposed"
"MM-0611","Fuel Pumps on Motorbikes","Fuel Pumps on Motorbikes","motorbike fuel pump explained","informational","8-maintenance","8.3 systems-explained","guide","foreign riders in Hanoi","skeleton","yes","R5 technical","Engine Oils Grades Explained Simply","How-it-works explainers; one system per article","","proposed"
"MM-0612","Oxygen Sensors and Emissions on Modern Bikes","Oxygen Sensors and Emissions on Modern Bikes","motorbike o2 sensor","informational","8-maintenance","8.3 systems-explained","guide","foreign riders in Hanoi","skeleton","yes","R5 technical","Fuel Pumps on Motorbikes","How-it-works explainers; one system per article","","proposed"
"MM-0613","Catalytic Converters on Vietnamese Motorbikes","Catalytic Converters on Vietnamese Motorbikes","motorbike catalytic converter","informational","8-maintenance","8.3 systems-explained","guide","foreign riders in Hanoi","skeleton","yes","R5 technical","Oxygen Sensors and Emissions on Modern Bikes","How-it-works explainers; one system per article","","proposed"
"MM-0614","Idle Air and Mixture Screws","Idle Air and Mixture Screws: Basics","carburettor mixture screw","informational","8-maintenance","8.3 systems-explained","guide","foreign riders in Hanoi","skeleton","yes","R5 technical","Catalytic Converters on Vietnamese Motorbikes","How-it-works explainers; one system per article","","proposed"
"MM-0615","Kick Start Mechanisms Explained","Kick Start Mechanisms Explained","kick start mechanism motorbike","informational","8-maintenance","8.3 systems-explained","guide","foreign riders in Hanoi","skeleton","yes","R5 technical","Idle Air and Mixture Screws: Basics","How-it-works explainers; one system per article","","proposed"
"MM-0616","Centrifugal Clutches in Underbones","Centrifugal Clutches in Underbones","centrifugal clutch underbone","informational","8-maintenance","8.3 systems-explained","guide","foreign riders in Hanoi","skeleton","yes","R5 technical","Kick Start Mechanisms Explained","How-it-works explainers; one system per article","","proposed"
"MM-0617","Gearbox Patterns on Underbones","Gearbox Patterns on Underbones","underbone gearbox explained","informational","8-maintenance","8.3 systems-explained","guide","foreign riders in Hanoi","skeleton","yes","R5 technical","Centrifugal Clutches in Underbones","How-it-works explainers; one system per article","","proposed"
"MM-0618","Frame Types","Frame Types: Underbone vs Backbone vs Diamond","motorbike frame types","informational","8-maintenance","8.3 systems-explained","guide","foreign riders in Hanoi","skeleton","yes","R5 technical","Gearbox Patterns on Underbones","How-it-works explainers; one system per article","","proposed"
"MM-0619","Scooter CVT Service","Scooter CVT Service: What Gets Replaced","scooter cvt service","informational","8-maintenance","8.4 scooter-care","how-to","foreign riders in Hanoi","skeleton","yes","R5 technical","cluster hub","Scooter-specific service concepts; general systems in 8.3","","proposed"
"MM-0620","Signs of a Worn CVT Belt","Signs of a Worn CVT Belt","worn cvt belt symptoms","informational","8-maintenance","8.4 scooter-care","how-to","foreign riders in Hanoi","skeleton","yes","R5 technical","Scooter CVT Service: What Gets Replaced","Scooter-specific service concepts; general systems in 8.3","","proposed"
"MM-0621","Roller Weights and Scooter Acceleration","Roller Weights and Scooter Acceleration","scooter roller weights","informational","8-maintenance","8.4 scooter-care","how-to","foreign riders in Hanoi","skeleton","yes","R5 technical","Signs of a Worn CVT Belt","Scooter-specific service concepts; general systems in 8.3","","proposed"
"MM-0622","Scooter Final Drive Oil","Scooter Final Drive Oil","scooter gear oil change","informational","8-maintenance","8.4 scooter-care","how-to","foreign riders in Hanoi","skeleton","yes","R5 technical","Roller Weights and Scooter Acceleration","Scooter-specific service concepts; general systems in 8.3","","proposed"
"MM-0623","Scooter Brakes","Scooter Brakes: Drums and Discs","scooter brake maintenance","informational","8-maintenance","8.4 scooter-care","how-to","foreign riders in Hanoi","skeleton","yes","R5 technical","Scooter Final Drive Oil","Scooter-specific service concepts; general systems in 8.3","","proposed"
"MM-0624","Under-Seat Storage Care and Drains","Under-Seat Storage Care and Drains","scooter under seat storage water","informational","8-maintenance","8.4 scooter-care","how-to","foreign riders in Hanoi","skeleton","yes","R5 technical","Scooter Brakes: Drums and Discs","Scooter-specific service concepts; general systems in 8.3","","proposed"
"MM-0625","Scooter Fuel Tank and Filler Maintenance","Scooter Fuel Tank and Filler Maintenance","scooter fuel system maintenance","informational","8-maintenance","8.4 scooter-care","how-to","foreign riders in Hanoi","skeleton","yes","R5 technical","Under-Seat Storage Care and Drains","Scooter-specific service concepts; general systems in 8.3","","proposed"
"MM-0626","Scooter Air Filter Access and Checks","Scooter Air Filter Access and Checks","scooter air filter check","informational","8-maintenance","8.4 scooter-care","how-to","foreign riders in Hanoi","skeleton","yes","R5 technical","Scooter Fuel Tank and Filler Maintenance","Scooter-specific service concepts; general systems in 8.3","","proposed"
"MM-0627","Scooter Stand and Side Stand Checks","Scooter Stand and Side Stand Checks","scooter stand maintenance","informational","8-maintenance","8.4 scooter-care","how-to","foreign riders in Hanoi","skeleton","yes","R5 technical","Scooter Air Filter Access and Checks","Scooter-specific service concepts; general systems in 8.3","","proposed"
"MM-0628","Scooter Body Panel Rattles","Scooter Body Panel Rattles","scooter panel rattle fix","informational","8-maintenance","8.4 scooter-care","how-to","foreign riders in Hanoi","skeleton","yes","R5 technical","Scooter Stand and Side Stand Checks","Scooter-specific service concepts; general systems in 8.3","","proposed"
"MM-0629","Scooter Battery Location and Replacement","Scooter Battery Location and Replacement","scooter battery replacement","informational","8-maintenance","8.4 scooter-care","how-to","foreign riders in Hanoi","skeleton","yes","R5 technical","Scooter Body Panel Rattles","Scooter-specific service concepts; general systems in 8.3","","proposed"
"MM-0630","Smart-Key Scooter Battery Issues","Smart-Key Scooter Battery Issues","smart key scooter battery","informational","8-maintenance","8.4 scooter-care","how-to","foreign riders in Hanoi","skeleton","yes","R5 technical","Scooter Battery Location and Replacement","Scooter-specific service concepts; general systems in 8.3","","proposed"
"MM-0631","Idling Stop Systems on Scooters","Idling Stop Systems on Scooters","idle stop scooter system","informational","8-maintenance","8.4 scooter-care","how-to","foreign riders in Hanoi","skeleton","yes","R5 technical","Smart-Key Scooter Battery Issues","Scooter-specific service concepts; general systems in 8.3","","proposed"
"MM-0632","Scooter Tyre Sizes and Choices","Scooter Tyre Sizes and Choices","scooter tyre sizes","informational","8-maintenance","8.4 scooter-care","how-to","foreign riders in Hanoi","skeleton","yes","R5 technical","Idling Stop Systems on Scooters","Scooter-specific service concepts; general systems in 8.3","","proposed"
"MM-0633","Scooter Winter Storage","Scooter Winter Storage","scooter storage winter","informational","8-maintenance","8.4 scooter-care","how-to","foreign riders in Hanoi","skeleton","yes","R5 technical","Scooter Tyre Sizes and Choices","Scooter-specific service concepts; general systems in 8.3","","proposed"
"MM-0634","Electric Motorbike Maintenance Schedule Concepts","Electric Motorbike Maintenance Schedule Concepts","electric motorbike maintenance","informational","8-maintenance","8.5 electric-maintenance","how-to","foreign riders in Hanoi","skeleton","yes","R5 technical","cluster hub","E-bike/e-motorbike maintenance; battery theory in 7.2","","proposed"
"MM-0635","Caring","Caring for an E-Bike in the Rainy Season","e-bike rainy season care","informational","8-maintenance","8.5 electric-maintenance","how-to","foreign riders in Hanoi","skeleton","yes","R5 technical","Electric Motorbike Maintenance Schedule Concepts","E-bike/e-motorbike maintenance; battery theory in 7.2","","proposed"
"MM-0636","Motor and Controller Checks","Motor and Controller Checks","electric motorbike motor check","informational","8-maintenance","8.5 electric-maintenance","how-to","foreign riders in Hanoi","skeleton","yes","R5 technical","Caring for an E-Bike in the Rainy Season","E-bike/e-motorbike maintenance; battery theory in 7.2","","proposed"
"MM-0637","E-Bike Brake Maintenance","E-Bike Brake Maintenance","e-bike brake maintenance","informational","8-maintenance","8.5 electric-maintenance","how-to","foreign riders in Hanoi","skeleton","yes","R5 technical","Motor and Controller Checks","E-bike/e-motorbike maintenance; battery theory in 7.2","","proposed"
"MM-0638","E-Bike Tyre Pressures and Wear","E-Bike Tyre Pressures and Wear","e-bike tyre maintenance","informational","8-maintenance","8.5 electric-maintenance","how-to","foreign riders in Hanoi","skeleton","yes","R5 technical","E-Bike Brake Maintenance","E-bike/e-motorbike maintenance; battery theory in 7.2","","proposed"
"MM-0639","Cleaning an Electric Motorbike Safely","Cleaning an Electric Motorbike Safely","wash electric motorbike","informational","8-maintenance","8.5 electric-maintenance","how-to","foreign riders in Hanoi","skeleton","yes","R5 technical","E-Bike Tyre Pressures and Wear","E-bike/e-motorbike maintenance; battery theory in 7.2","","proposed"
"MM-0640","E-Bike Display and Sensor Faults","E-Bike Display and Sensor Faults","e-bike display fault","informational","8-maintenance","8.5 electric-maintenance","how-to","foreign riders in Hanoi","skeleton","yes","R5 technical","Cleaning an Electric Motorbike Safely","E-bike/e-motorbike maintenance; battery theory in 7.2","","proposed"
"MM-0641","Charger Care and Replacement","Charger Care and Replacement","electric bike charger care","informational","8-maintenance","8.5 electric-maintenance","how-to","foreign riders in Hanoi","skeleton","yes","R5 technical","E-Bike Display and Sensor Faults","E-bike/e-motorbike maintenance; battery theory in 7.2","","proposed"
"MM-0642","Storing an Electric Bike Long Term","Storing an Electric Bike Long Term","store electric bike long term","informational","8-maintenance","8.5 electric-maintenance","how-to","foreign riders in Hanoi","skeleton","yes","R5 technical","Charger Care and Replacement","E-bike/e-motorbike maintenance; battery theory in 7.2","","proposed"
"MM-0643","Water ingress","Water ingress: What to Check After Flood Riding","electric bike water damage check","informational","8-maintenance","8.5 electric-maintenance","how-to","foreign riders in Hanoi","skeleton","yes","R5 technical","Storing an Electric Bike Long Term","E-bike/e-motorbike maintenance; battery theory in 7.2","","proposed"
"MM-0644","E-Bike Cable and Connector Checks","E-Bike Cable and Connector Checks","e-bike connector check","informational","8-maintenance","8.5 electric-maintenance","how-to","foreign riders in Hanoi","skeleton","yes","R5 technical","Water ingress: What to Check After Flood Riding","E-bike/e-motorbike maintenance; battery theory in 7.2","","proposed"
"MM-0645","When to Service","When to Service vs Replace E-Bike Parts","e-bike service replace parts","informational","8-maintenance","8.5 electric-maintenance","how-to","foreign riders in Hanoi","skeleton","yes","R5 technical","E-Bike Cable and Connector Checks","E-bike/e-motorbike maintenance; battery theory in 7.2","","proposed"
"MM-0646","Battery Swap Station Bike Maintenance","Battery Swap Station Bike Maintenance","swap battery bike maintenance","informational","8-maintenance","8.5 electric-maintenance","how-to","foreign riders in Hanoi","skeleton","yes","R5 technical","When to Service vs Replace E-Bike Parts","E-bike/e-motorbike maintenance; battery theory in 7.2","","proposed"
"MM-0647","E-Bike Firmware and App Checks","E-Bike Firmware and App Checks","e-bike firmware update","informational","8-maintenance","8.5 electric-maintenance","how-to","foreign riders in Hanoi","skeleton","yes","R5 technical","Battery Swap Station Bike Maintenance","E-bike/e-motorbike maintenance; battery theory in 7.2","","proposed"
"MM-0648","Range Drop Diagnosis on Electric Bikes","Range Drop Diagnosis on Electric Bikes","electric bike range drop diagnosis","informational","8-maintenance","8.5 electric-maintenance","how-to","foreign riders in Hanoi","skeleton","yes","R5 technical","E-Bike Firmware and App Checks","E-bike/e-motorbike maintenance; battery theory in 7.2","","proposed"
"MM-0649","Motorbike Repair Workshops in Hanoi","Motorbike Repair Workshops in Hanoi: What to Expect","motorbike repair hanoi what to expect","informational","8-maintenance","8.6 hanoi-services","guide","foreign riders in Hanoi","owner-history (customer questions)","no","none","cluster hub","Descriptive ecosystem guides; no invented workshop claims","","proposed"
"MM-0650","How Vietnamese Repair Culture Works","How Vietnamese Repair Culture Works for Riders","vietnam motorbike repair culture","informational","8-maintenance","8.6 hanoi-services","guide","foreign riders in Hanoi","owner-history (customer questions)","no","none","Motorbike Repair Workshops in Hanoi: What to Expect","Descriptive ecosystem guides; no invented workshop claims","","proposed"
"MM-0651","Getting Repairs Done Without Speaking Vietnamese","Getting Repairs Done Without Speaking Vietnamese","motorbike repair no vietnamese","informational","8-maintenance","8.6 hanoi-services","guide","foreign riders in Hanoi","owner-history (customer questions)","no","none","How Vietnamese Repair Culture Works for Riders","Descriptive ecosystem guides; no invented workshop claims","","proposed"
"MM-0652","Fair Pricing Concepts","Fair Pricing Concepts for Common Repairs","motorbike repair cost hanoi","informational","8-maintenance","8.6 hanoi-services","guide","foreign riders in Hanoi","owner-history (customer questions)","no","none","Getting Repairs Done Without Speaking Vietnamese","Descriptive ecosystem guides; no invented workshop claims","","proposed"
"MM-0653","Warranty Service","Warranty Service vs Independent Workshops","motorbike warranty service vietnam","informational","8-maintenance","8.6 hanoi-services","guide","foreign riders in Hanoi","owner-history (customer questions)","no","none","Fair Pricing Concepts for Common Repairs","Descriptive ecosystem guides; no invented workshop claims","","proposed"
"MM-0654","Motorcycle Helmet Buying Guide","Motorcycle Helmet Buying Guide for Vietnam","motorcycle helmet buying guide vietnam","commercial","9-parts-gear","9.1 helmets","guide","foreign riders in Hanoi","skeleton+research","yes","none","cluster hub","Helmet product guidance; helmet LAW lives canonically in cluster 11","","proposed"
"MM-0655","Helmet Standards Explained","Helmet Standards Explained: What Labels Mean","motorcycle helmet standards explained","commercial","9-parts-gear","9.1 helmets","guide","foreign riders in Hanoi","skeleton+research","yes","none","Motorcycle Helmet Buying Guide for Vietnam","Helmet product guidance; helmet LAW lives canonically in cluster 11","","proposed"
"MM-0656","Full-Face","Full-Face vs Open-Face vs Half Helmets","full face vs open face helmet","commercial","9-parts-gear","9.1 helmets","guide","foreign riders in Hanoi","skeleton+research","yes","none","Helmet Standards Explained: What Labels Mean","Helmet product guidance; helmet LAW lives canonically in cluster 11","","proposed"
"MM-0657","How a Helmet Should Fit","How a Helmet Should Fit","how should helmet fit","commercial","9-parts-gear","9.1 helmets","guide","foreign riders in Hanoi","skeleton+research","yes","none","Full-Face vs Open-Face vs Half Helmets","Helmet product guidance; helmet LAW lives canonically in cluster 11","","proposed"
"MM-0658","How Much Should You Spend on a Helmet in Vietnam?","How Much Should You Spend on a Helmet in Vietnam?","helmet price vietnam","commercial","9-parts-gear","9.1 helmets","guide","foreign riders in Hanoi","skeleton+research","yes","none","How a Helmet Should Fit","Helmet product guidance; helmet LAW lives canonically in cluster 11","","proposed"
"MM-0659","When to Replace a Helmet After a Drop","When to Replace a Helmet After a Drop","replace helmet after drop","commercial","9-parts-gear","9.1 helmets","guide","foreign riders in Hanoi","skeleton+research","yes","none","How Much Should You Spend on a Helmet in Vietnam?","Helmet product guidance; helmet LAW lives canonically in cluster 11","","proposed"
"MM-0660","Helmet Lifespan","Helmet Lifespan: Materials and Ageing","motorcycle helmet lifespan","commercial","9-parts-gear","9.1 helmets","guide","foreign riders in Hanoi","skeleton+research","yes","none","When to Replace a Helmet After a Drop","Helmet product guidance; helmet LAW lives canonically in cluster 11","","proposed"
"MM-0661","Fake","Fake vs Genuine Helmets in Vietnam","fake helmet vietnam","commercial","9-parts-gear","9.1 helmets","guide","foreign riders in Hanoi","skeleton+research","yes","none","Helmet Lifespan: Materials and Ageing","Helmet product guidance; helmet LAW lives canonically in cluster 11","","proposed"
"MM-0662","Best Helmet Types","Best Helmet Types for Hanoi City Riding","best helmet hanoi riding","commercial","9-parts-gear","9.1 helmets","guide","foreign riders in Hanoi","skeleton+research","yes","none","Fake vs Genuine Helmets in Vietnam","Helmet product guidance; helmet LAW lives canonically in cluster 11","","proposed"
"MM-0663","Helmets","Helmets for Passengers: Same Standard Needed","passenger helmet vietnam","commercial","9-parts-gear","9.1 helmets","guide","foreign riders in Hanoi","skeleton+research","yes","none","Best Helmet Types for Hanoi City Riding","Helmet product guidance; helmet LAW lives canonically in cluster 11","","proposed"
"MM-0664","Helmet Visors and Anti-Fog Options","Helmet Visors and Anti-Fog Options","helmet visor anti fog","commercial","9-parts-gear","9.1 helmets","guide","foreign riders in Hanoi","skeleton+research","yes","none","Helmets for Passengers: Same Standard Needed","Helmet product guidance; helmet LAW lives canonically in cluster 11","","proposed"
"MM-0665","Ventilation and Heat","Ventilation and Heat: Helmets in Vietnamese Summers","hot weather helmet ventilation","commercial","9-parts-gear","9.1 helmets","guide","foreign riders in Hanoi","skeleton+research","yes","none","Helmet Visors and Anti-Fog Options","Helmet product guidance; helmet LAW lives canonically in cluster 11","","proposed"
"MM-0666","Kids’ Helmets in Vietnam","Kids’ Helmets in Vietnam","kids helmet vietnam","commercial","9-parts-gear","9.1 helmets","guide","foreign riders in Hanoi","skeleton+research","yes","none","Ventilation and Heat: Helmets in Vietnamese Summers","Helmet product guidance; helmet LAW lives canonically in cluster 11","","proposed"
"MM-0667","Bluetooth Headsets in Helmets","Bluetooth Headsets in Helmets: Legal and Practical","bluetooth helmet vietnam","commercial","9-parts-gear","9.1 helmets","guide","foreign riders in Hanoi","skeleton+research","yes","none","Kids’ Helmets in Vietnam","Helmet product guidance; helmet LAW lives canonically in cluster 11","","proposed"
"MM-0668","Caring","Caring for and Cleaning Your Helmet","clean motorcycle helmet","commercial","9-parts-gear","9.1 helmets","guide","foreign riders in Hanoi","skeleton+research","yes","none","Bluetooth Headsets in Helmets: Legal and Practical","Helmet product guidance; helmet LAW lives canonically in cluster 11","","proposed"
"MM-0669","Where to Buy Quality Helmets in Hanoi","Where to Buy Quality Helmets in Hanoi","buy helmet hanoi","commercial","9-parts-gear","9.1 helmets","guide","foreign riders in Hanoi","skeleton+research","yes","none","Caring for and Cleaning Your Helmet","Helmet product guidance; helmet LAW lives canonically in cluster 11","","proposed"
"MM-0670","Helmet Locks and Carrying Your Helmet","Helmet Locks and Carrying Your Helmet","helmet lock motorbike","commercial","9-parts-gear","9.1 helmets","guide","foreign riders in Hanoi","skeleton+research","yes","none","Where to Buy Quality Helmets in Hanoi","Helmet product guidance; helmet LAW lives canonically in cluster 11","","proposed"
"MM-0671","Dual-Sport and Off-Road Helmets Explained","Dual-Sport and Off-Road Helmets Explained","dual sport helmet explained","commercial","9-parts-gear","9.1 helmets","guide","foreign riders in Hanoi","skeleton+research","yes","none","Helmet Locks and Carrying Your Helmet","Helmet product guidance; helmet LAW lives canonically in cluster 11","","proposed"
"MM-0672","Glasses and Helmets","Glasses and Helmets: Riding with Prescription Specs","riding glasses helmet","commercial","9-parts-gear","9.1 helmets","guide","foreign riders in Hanoi","skeleton+research","yes","none","Dual-Sport and Off-Road Helmets Explained","Helmet product guidance; helmet LAW lives canonically in cluster 11","","proposed"
"MM-0673","Rain and Helmets","Rain and Helmets: Visibility Tips","helmet rain visibility","commercial","9-parts-gear","9.1 helmets","guide","foreign riders in Hanoi","skeleton+research","yes","none","Glasses and Helmets: Riding with Prescription Specs","Helmet product guidance; helmet LAW lives canonically in cluster 11","","proposed"
"MM-0674","Motorcycle Riding Gear","Motorcycle Riding Gear for Vietnam’s Climate","motorcycle gear hot climate","commercial","9-parts-gear","9.2 protective-gear","guide","foreign riders in Hanoi","skeleton+research","no","none","cluster hub","Gear category guidance; climate-specific for Vietnam","","proposed"
"MM-0675","Riding Gloves","Riding Gloves: Types and Why They Matter","motorcycle riding gloves guide","commercial","9-parts-gear","9.2 protective-gear","guide","foreign riders in Hanoi","skeleton+research","no","none","Motorcycle Riding Gear for Vietnam’s Climate","Gear category guidance; climate-specific for Vietnam","","proposed"
"MM-0676","Riding Jackets in Tropical Heat","Riding Jackets in Tropical Heat","motorcycle jacket hot weather","commercial","9-parts-gear","9.2 protective-gear","guide","foreign riders in Hanoi","skeleton+research","no","none","Riding Gloves: Types and Why They Matter","Gear category guidance; climate-specific for Vietnam","","proposed"
"MM-0677","Protective Layers and CE Ratings Explained","Protective Layers and CE Ratings Explained","motorcycle armor ce rating","commercial","9-parts-gear","9.2 protective-gear","guide","foreign riders in Hanoi","skeleton+research","no","none","Riding Jackets in Tropical Heat","Gear category guidance; climate-specific for Vietnam","","proposed"
"MM-0678","Riding Shoes","Riding Shoes vs Sneakers","motorcycle riding shoes","commercial","9-parts-gear","9.2 protective-gear","guide","foreign riders in Hanoi","skeleton+research","no","none","Protective Layers and CE Ratings Explained","Gear category guidance; climate-specific for Vietnam","","proposed"
"MM-0679","Riding Jeans and Trousers","Riding Jeans and Trousers","riding jeans motorcycle","commercial","9-parts-gear","9.2 protective-gear","guide","foreign riders in Hanoi","skeleton+research","no","none","Riding Shoes vs Sneakers","Gear category guidance; climate-specific for Vietnam","","proposed"
"MM-0680","Rain Gear","Rain Gear for Motorbike Riders in Vietnam","motorbike rain gear vietnam","commercial","9-parts-gear","9.2 protective-gear","guide","foreign riders in Hanoi","skeleton+research","no","none","Riding Jeans and Trousers","Gear category guidance; climate-specific for Vietnam","","proposed"
"MM-0681","Cold-Weather Gear","Cold-Weather Gear for Northern Vietnam Winters","motorbike winter gear vietnam","commercial","9-parts-gear","9.2 protective-gear","guide","foreign riders in Hanoi","skeleton+research","no","none","Rain Gear for Motorbike Riders in Vietnam","Gear category guidance; climate-specific for Vietnam","","proposed"
"MM-0682","Elbow and Knee Guards","Elbow and Knee Guards","elbow knee guards motorcycle","commercial","9-parts-gear","9.2 protective-gear","guide","foreign riders in Hanoi","skeleton+research","no","none","Cold-Weather Gear for Northern Vietnam Winters","Gear category guidance; climate-specific for Vietnam","","proposed"
"MM-0683","Eye Protection While Riding","Eye Protection While Riding","motorcycle eye protection","commercial","9-parts-gear","9.2 protective-gear","guide","foreign riders in Hanoi","skeleton+research","no","none","Elbow and Knee Guards","Gear category guidance; climate-specific for Vietnam","","proposed"
"MM-0684","Hi-Vis and Being Seen in Traffic","Hi-Vis and Being Seen in Traffic","hi vis motorcycle","commercial","9-parts-gear","9.2 protective-gear","guide","foreign riders in Hanoi","skeleton+research","no","none","Eye Protection While Riding","Gear category guidance; climate-specific for Vietnam","","proposed"
"MM-0685","Gear","Gear for Commuters: Over-Office Clothing","motorcycle commuter clothing","commercial","9-parts-gear","9.2 protective-gear","guide","foreign riders in Hanoi","skeleton+research","no","none","Hi-Vis and Being Seen in Traffic","Gear category guidance; climate-specific for Vietnam","","proposed"
"MM-0686","Gear","Gear for Passengers","motorcycle passenger gear","commercial","9-parts-gear","9.2 protective-gear","guide","foreign riders in Hanoi","skeleton+research","no","none","Gear for Commuters: Over-Office Clothing","Gear category guidance; climate-specific for Vietnam","","proposed"
"MM-0687","Masks and Air Quality Riding in Hanoi","Masks and Air Quality Riding in Hanoi","smog mask motorbike hanoi","commercial","9-parts-gear","9.2 protective-gear","guide","foreign riders in Hanoi","skeleton+research","no","none","Gear for Passengers","Gear category guidance; climate-specific for Vietnam","","proposed"
"MM-0688","Sun Protection","Sun Protection for Riders","sun protection motorcycle","commercial","9-parts-gear","9.2 protective-gear","guide","foreign riders in Hanoi","skeleton+research","no","none","Masks and Air Quality Riding in Hanoi","Gear category guidance; climate-specific for Vietnam","","proposed"
"MM-0689","Backpacks","Backpacks vs Tail Bags for Daily Riding","motorbike backpack vs tail bag","commercial","9-parts-gear","9.2 protective-gear","guide","foreign riders in Hanoi","skeleton+research","no","none","Sun Protection for Riders","Gear category guidance; climate-specific for Vietnam","","proposed"
"MM-0690","Mesh Riding Gear Explained","Mesh Riding Gear Explained","mesh motorcycle gear","commercial","9-parts-gear","9.2 protective-gear","guide","foreign riders in Hanoi","skeleton+research","no","none","Backpacks vs Tail Bags for Daily Riding","Gear category guidance; climate-specific for Vietnam","","proposed"
"MM-0691","Women’s Riding Gear in Vietnam","Women’s Riding Gear in Vietnam","womens motorcycle gear vietnam","commercial","9-parts-gear","9.2 protective-gear","guide","foreign riders in Hanoi","skeleton+research","no","none","Mesh Riding Gear Explained","Gear category guidance; climate-specific for Vietnam","","proposed"
"MM-0692","Gear on a Budget","Gear on a Budget: Priorities","budget motorcycle gear priorities","commercial","9-parts-gear","9.2 protective-gear","guide","foreign riders in Hanoi","skeleton+research","no","none","Women’s Riding Gear in Vietnam","Gear category guidance; climate-specific for Vietnam","","proposed"
"MM-0693","Layering Systems","Layering Systems for Riders","motorcycle layering system","commercial","9-parts-gear","9.2 protective-gear","guide","foreign riders in Hanoi","skeleton+research","no","none","Gear on a Budget: Priorities","Gear category guidance; climate-specific for Vietnam","","proposed"
"MM-0694","Motorbike Tyres Explained","Motorbike Tyres Explained: Sizes, Types and Choices","motorbike tyre guide","commercial","9-parts-gear","9.3 parts-explainers","guide","foreign riders in Hanoi","skeleton","yes","R5/R1 where cited","cluster hub","One part family per article; procedures live in cluster 8","","proposed"
"MM-0695","Choosing Replacement Tyres in Vietnam","Choosing Replacement Tyres in Vietnam","buy motorbike tyres vietnam","commercial","9-parts-gear","9.3 parts-explainers","guide","foreign riders in Hanoi","skeleton","yes","R5/R1 where cited","Motorbike Tyres Explained: Sizes, Types and Choices","One part family per article; procedures live in cluster 8","","proposed"
"MM-0696","Brake Pads","Brake Pads: Types and Replacement Signs","motorbike brake pads guide","commercial","9-parts-gear","9.3 parts-explainers","guide","foreign riders in Hanoi","skeleton","yes","R5/R1 where cited","Choosing Replacement Tyres in Vietnam","One part family per article; procedures live in cluster 8","","proposed"
"MM-0697","Brake Shoes","Brake Shoes vs Brake Pads","brake shoes vs pads","commercial","9-parts-gear","9.3 parts-explainers","guide","foreign riders in Hanoi","skeleton","yes","R5/R1 where cited","Brake Pads: Types and Replacement Signs","One part family per article; procedures live in cluster 8","","proposed"
"MM-0698","Motorbike Batteries","Motorbike Batteries: Types and Lifespans","motorbike battery types","commercial","9-parts-gear","9.3 parts-explainers","guide","foreign riders in Hanoi","skeleton","yes","R5/R1 where cited","Brake Shoes vs Brake Pads","One part family per article; procedures live in cluster 8","","proposed"
"MM-0699","Choosing a Replacement Battery in Vietnam","Choosing a Replacement Battery in Vietnam","buy motorbike battery vietnam","commercial","9-parts-gear","9.3 parts-explainers","guide","foreign riders in Hanoi","skeleton","yes","R5/R1 where cited","Motorbike Batteries: Types and Lifespans","One part family per article; procedures live in cluster 8","","proposed"
"MM-0700","Spark Plugs","Spark Plugs: Types and When to Replace","motorbike spark plugs guide","commercial","9-parts-gear","9.3 parts-explainers","guide","foreign riders in Hanoi","skeleton","yes","R5/R1 where cited","Choosing a Replacement Battery in Vietnam","One part family per article; procedures live in cluster 8","","proposed"
"MM-0701","Mirrors","Mirrors: Legal Requirements and Upgrades","motorbike mirrors vietnam","commercial","9-parts-gear","9.3 parts-explainers","guide","foreign riders in Hanoi","skeleton","yes","R5/R1 where cited","Spark Plugs: Types and When to Replace","One part family per article; procedures live in cluster 8","","proposed"
"MM-0702","Exhausts and Legal Noise Limits in Vietnam","Exhausts and Legal Noise Limits in Vietnam","motorbike exhaust law vietnam","commercial","9-parts-gear","9.3 parts-explainers","guide","foreign riders in Hanoi","skeleton","yes","R5/R1 where cited","Mirrors: Legal Requirements and Upgrades","One part family per article; procedures live in cluster 8","","proposed"
"MM-0703","Phone Mounts","Phone Mounts for Motorbikes","motorbike phone mount","commercial","9-parts-gear","9.3 parts-explainers","guide","foreign riders in Hanoi","skeleton","yes","R5/R1 where cited","Exhausts and Legal Noise Limits in Vietnam","One part family per article; procedures live in cluster 8","","proposed"
"MM-0704","USB Chargers and Wiring","USB Chargers and Wiring","motorbike usb charger","commercial","9-parts-gear","9.3 parts-explainers","guide","foreign riders in Hanoi","skeleton","yes","R5/R1 where cited","Phone Mounts for Motorbikes","One part family per article; procedures live in cluster 8","","proposed"
"MM-0705","LED","LED vs Halogen Bulbs: Legality and Use","motorbike led bulbs vietnam","commercial","9-parts-gear","9.3 parts-explainers","guide","foreign riders in Hanoi","skeleton","yes","R5/R1 where cited","USB Chargers and Wiring","One part family per article; procedures live in cluster 8","","proposed"
"MM-0706","Chain and Sprocket Kits Explained","Chain and Sprocket Kits Explained","chain and sprocket kit","commercial","9-parts-gear","9.3 parts-explainers","guide","foreign riders in Hanoi","skeleton","yes","R5/R1 where cited","LED vs Halogen Bulbs: Legality and Use","One part family per article; procedures live in cluster 8","","proposed"
"MM-0707","O-Ring","O-Ring vs Standard Chains","o ring chain vs standard","commercial","9-parts-gear","9.3 parts-explainers","guide","foreign riders in Hanoi","skeleton","yes","R5/R1 where cited","Chain and Sprocket Kits Explained","One part family per article; procedures live in cluster 8","","proposed"
"MM-0708","Air Filters","Air Filters: Paper vs Washable","motorbike air filter types","commercial","9-parts-gear","9.3 parts-explainers","guide","foreign riders in Hanoi","skeleton","yes","R5/R1 where cited","O-Ring vs Standard Chains","One part family per article; procedures live in cluster 8","","proposed"
"MM-0709","Engine Oils on the Vietnamese Market","Engine Oils on the Vietnamese Market","motorbike oil brands vietnam","commercial","9-parts-gear","9.3 parts-explainers","guide","foreign riders in Hanoi","skeleton","yes","R5/R1 where cited","Air Filters: Paper vs Washable","One part family per article; procedures live in cluster 8","","proposed"
"MM-0710","Fuel Additives","Fuel Additives: What Helps and What Doesn’t","fuel additive motorbike","commercial","9-parts-gear","9.3 parts-explainers","guide","foreign riders in Hanoi","skeleton","yes","R5/R1 where cited","Engine Oils on the Vietnamese Market","One part family per article; procedures live in cluster 8","","proposed"
"MM-0711","Inner Tubes and Puncture Repair Kits","Inner Tubes and Puncture Repair Kits","inner tube puncture kit motorbike","commercial","9-parts-gear","9.3 parts-explainers","guide","foreign riders in Hanoi","skeleton","yes","R5/R1 where cited","Fuel Additives: What Helps and What Doesn’t","One part family per article; procedures live in cluster 8","","proposed"
"MM-0712","Shock Upgrades and Spring Rates Basics","Shock Upgrades and Spring Rates Basics","motorbike shock upgrade","commercial","9-parts-gear","9.3 parts-explainers","guide","foreign riders in Hanoi","skeleton","yes","R5/R1 where cited","Inner Tubes and Puncture Repair Kits","One part family per article; procedures live in cluster 8","","proposed"
"MM-0713","Sprocket Sizes and Gearing Changes","Sprocket Sizes and Gearing Changes","sprocket size gearing motorbike","commercial","9-parts-gear","9.3 parts-explainers","guide","foreign riders in Hanoi","skeleton","yes","R5/R1 where cited","Shock Upgrades and Spring Rates Basics","One part family per article; procedures live in cluster 8","","proposed"
"MM-0714","Cables","Cables: Throttle, Clutch and Brake Replacement","motorbike cable replacement","commercial","9-parts-gear","9.3 parts-explainers","guide","foreign riders in Hanoi","skeleton","yes","R5/R1 where cited","Sprocket Sizes and Gearing Changes","One part family per article; procedures live in cluster 8","","proposed"
"MM-0715","Bearings","Bearings: Wheels, Headset and Swingarm","motorbike bearings replacement","commercial","9-parts-gear","9.3 parts-explainers","guide","foreign riders in Hanoi","skeleton","yes","R5/R1 where cited","Cables: Throttle, Clutch and Brake Replacement","One part family per article; procedures live in cluster 8","","proposed"
"MM-0716","Fenders and Splash Guards","Fenders and Splash Guards","motorbike mudguard","commercial","9-parts-gear","9.3 parts-explainers","guide","foreign riders in Hanoi","skeleton","yes","R5/R1 where cited","Bearings: Wheels, Headset and Swingarm","One part family per article; procedures live in cluster 8","","proposed"
"MM-0717","Racks and Carriers","Racks and Carriers for Underbones","motorbike rack underbone","commercial","9-parts-gear","9.3 parts-explainers","guide","foreign riders in Hanoi","skeleton","yes","R5/R1 where cited","Fenders and Splash Guards","One part family per article; procedures live in cluster 8","","proposed"
"MM-0718","Drive Belts","Drive Belts for Scooters","scooter drive belt guide","commercial","9-parts-gear","9.3 parts-explainers","guide","foreign riders in Hanoi","skeleton","yes","R5/R1 where cited","Racks and Carriers for Underbones","One part family per article; procedures live in cluster 8","","proposed"
"MM-0719","Anti-Theft Devices","Anti-Theft Devices for Motorbikes in Vietnam","motorbike anti theft vietnam","commercial","9-parts-gear","9.4 accessories","guide","foreign riders in Hanoi","skeleton","yes","none","cluster hub","Comfort/practical accessories for Vietnamese conditions","","proposed"
"MM-0720","Disc Locks","Disc Locks vs Chain Locks","disc lock vs chain lock","commercial","9-parts-gear","9.4 accessories","guide","foreign riders in Hanoi","skeleton","yes","none","Anti-Theft Devices for Motorbikes in Vietnam","Comfort/practical accessories for Vietnamese conditions","","proposed"
"MM-0721","Motorbike Covers","Motorbike Covers: Do You Need One?","motorbike cover vietnam","commercial","9-parts-gear","9.4 accessories","guide","foreign riders in Hanoi","skeleton","yes","none","Disc Locks vs Chain Locks","Comfort/practical accessories for Vietnamese conditions","","proposed"
"MM-0722","Seat Covers and Comfort Upgrades","Seat Covers and Comfort Upgrades","motorbike seat cover comfort","commercial","9-parts-gear","9.4 accessories","guide","foreign riders in Hanoi","skeleton","yes","none","Motorbike Covers: Do You Need One?","Comfort/practical accessories for Vietnamese conditions","","proposed"
"MM-0723","Luggage Options","Luggage Options for Motorbike Travel","motorbike luggage options","commercial","9-parts-gear","9.4 accessories","guide","foreign riders in Hanoi","skeleton","yes","none","Seat Covers and Comfort Upgrades","Comfort/practical accessories for Vietnamese conditions","","proposed"
"MM-0724","Tank Bags and Magnetic Mounts","Tank Bags and Magnetic Mounts","motorbike tank bag","commercial","9-parts-gear","9.4 accessories","guide","foreign riders in Hanoi","skeleton","yes","none","Luggage Options for Motorbike Travel","Comfort/practical accessories for Vietnamese conditions","","proposed"
"MM-0725","Top Boxes and Hard Panniers","Top Boxes and Hard Panniers","motorbike top box","commercial","9-parts-gear","9.4 accessories","guide","foreign riders in Hanoi","skeleton","yes","none","Tank Bags and Magnetic Mounts","Comfort/practical accessories for Vietnamese conditions","","proposed"
"MM-0726","Bungee Cords and Nets Used Safely","Bungee Cords and Nets Used Safely","bungee cord motorbike luggage","commercial","9-parts-gear","9.4 accessories","guide","foreign riders in Hanoi","skeleton","yes","none","Top Boxes and Hard Panniers","Comfort/practical accessories for Vietnamese conditions","","proposed"
"MM-0727","Cruise Control Throttle Assists","Cruise Control Throttle Assists","throttle assist cruise motorbike","commercial","9-parts-gear","9.4 accessories","guide","foreign riders in Hanoi","skeleton","yes","none","Bungee Cords and Nets Used Safely","Comfort/practical accessories for Vietnamese conditions","","proposed"
"MM-0728","GPS Trackers","GPS Trackers for Motorbikes","motorbike gps tracker vietnam","commercial","9-parts-gear","9.4 accessories","guide","foreign riders in Hanoi","skeleton","yes","none","Cruise Control Throttle Assists","Comfort/practical accessories for Vietnamese conditions","","proposed"
"MM-0729","Action Camera Mounting and the Law","Action Camera Mounting and the Law","motorcycle camera vietnam law","commercial","9-parts-gear","9.4 accessories","guide","foreign riders in Hanoi","skeleton","yes","none","GPS Trackers for Motorbikes","Comfort/practical accessories for Vietnamese conditions","","proposed"
"MM-0730","Windshields","Windshields for Underbones","underbone windshield","commercial","9-parts-gear","9.4 accessories","guide","foreign riders in Hanoi","skeleton","yes","none","Action Camera Mounting and the Law","Comfort/practical accessories for Vietnamese conditions","","proposed"
"MM-0731","Footpeg Upgrades","Footpeg Upgrades for Tall Riders","footpeg extenders motorbike","commercial","9-parts-gear","9.4 accessories","guide","foreign riders in Hanoi","skeleton","yes","none","Windshields for Underbones","Comfort/practical accessories for Vietnamese conditions","","proposed"
"MM-0732","Tool Kits to Carry on Your Bike","Tool Kits to Carry on Your Bike","motorbike tool kit carry","commercial","9-parts-gear","9.4 accessories","guide","foreign riders in Hanoi","skeleton","yes","none","Footpeg Upgrades for Tall Riders","Comfort/practical accessories for Vietnamese conditions","","proposed"
"MM-0733","Spare Parts Worth Carrying on Long Trips","Spare Parts Worth Carrying on Long Trips","spare parts long trip motorbike","commercial","9-parts-gear","9.4 accessories","guide","foreign riders in Hanoi","skeleton","yes","none","Tool Kits to Carry on Your Bike","Comfort/practical accessories for Vietnamese conditions","","proposed"
"MM-0734","Genuine","Genuine vs Counterfeit Motorbike Parts in Vietnam","genuine vs fake motorbike parts","commercial","9-parts-gear","9.5 parts-buying","guide","foreign riders in Hanoi","skeleton","no","none","cluster hub","Buying-decision guidance; part explanations in 9.3","","proposed"
"MM-0735","How to Spot Counterfeit Parts","How to Spot Counterfeit Parts","spot fake motorbike parts","commercial","9-parts-gear","9.5 parts-buying","guide","foreign riders in Hanoi","skeleton","no","none","Genuine vs Counterfeit Motorbike Parts in Vietnam","Buying-decision guidance; part explanations in 9.3","","proposed"
"MM-0736","OEM","OEM vs Aftermarket Parts","oem vs aftermarket motorbike parts","commercial","9-parts-gear","9.5 parts-buying","guide","foreign riders in Hanoi","skeleton","no","none","How to Spot Counterfeit Parts","Buying-decision guidance; part explanations in 9.3","","proposed"
"MM-0737","Buying Parts Online in Vietnam","Buying Parts Online in Vietnam","buy motorbike parts online vietnam","commercial","9-parts-gear","9.5 parts-buying","guide","foreign riders in Hanoi","skeleton","no","none","OEM vs Aftermarket Parts","Buying-decision guidance; part explanations in 9.3","","proposed"
"MM-0738","Parts Compatibility and VIN/Frame Numbers","Parts Compatibility and VIN/Frame Numbers","motorbike parts compatibility","commercial","9-parts-gear","9.5 parts-buying","guide","foreign riders in Hanoi","skeleton","no","none","Buying Parts Online in Vietnam","Buying-decision guidance; part explanations in 9.3","","proposed"
"MM-0739","When Cheap Parts Cost More","When Cheap Parts Cost More","cheap motorbike parts risk","commercial","9-parts-gear","9.5 parts-buying","guide","foreign riders in Hanoi","skeleton","no","none","Parts Compatibility and VIN/Frame Numbers","Buying-decision guidance; part explanations in 9.3","","proposed"
"MM-0740","Returning Parts in Vietnam","Returning Parts in Vietnam: Practicalities","return motorbike parts vietnam","commercial","9-parts-gear","9.5 parts-buying","guide","foreign riders in Hanoi","skeleton","no","none","When Cheap Parts Cost More","Buying-decision guidance; part explanations in 9.3","","proposed"
"MM-0741","Parts","Parts for Older Bikes: Sourcing in Hanoi","old motorbike parts hanoi","commercial","9-parts-gear","9.5 parts-buying","guide","foreign riders in Hanoi","skeleton","no","none","Returning Parts in Vietnam: Practicalities","Buying-decision guidance; part explanations in 9.3","","proposed"
"MM-0742","Buying Parts Without Vietnamese","Buying Parts Without Vietnamese: Communication Tips","buy parts no vietnamese","commercial","9-parts-gear","9.5 parts-buying","guide","foreign riders in Hanoi","skeleton","no","none","Parts for Older Bikes: Sourcing in Hanoi","Buying-decision guidance; part explanations in 9.3","","proposed"
"MM-0743","Workshop Parts","Workshop Parts vs Your Own Parts","workshop own parts vietnam","commercial","9-parts-gear","9.5 parts-buying","guide","foreign riders in Hanoi","skeleton","no","none","Buying Parts Without Vietnamese: Communication Tips","Buying-decision guidance; part explanations in 9.3","","proposed"
"MM-0744","Riding a Motorbike","Riding a Motorbike for the First Time: Core Skills","riding motorbike first time","informational","10-safety","10.1 core-skills","how-to","foreign riders in Hanoi","skeleton+research","no","none","cluster hub","Core riding skills; manual-clutch-specific skills live in 5.1/5.2","","proposed"
"MM-0745","Low-Speed Control in Traffic","Low-Speed Control in Traffic","low speed motorbike control","informational","10-safety","10.1 core-skills","how-to","foreign riders in Hanoi","skeleton+research","no","none","Riding a Motorbike for the First Time: Core Skills","Core riding skills; manual-clutch-specific skills live in 5.1/5.2","","proposed"
"MM-0746","Emergency Braking Technique","Emergency Braking Technique","emergency braking motorbike","informational","10-safety","10.1 core-skills","how-to","foreign riders in Hanoi","skeleton+research","no","none","Low-Speed Control in Traffic","Core riding skills; manual-clutch-specific skills live in 5.1/5.2","","proposed"
"MM-0747","Front Brake Use Without Fear","Front Brake Use Without Fear","front brake technique motorbike","informational","10-safety","10.1 core-skills","how-to","foreign riders in Hanoi","skeleton+research","no","none","Emergency Braking Technique","Core riding skills; manual-clutch-specific skills live in 5.1/5.2","","proposed"
"MM-0748","Hazard Perception on Vietnamese Roads","Hazard Perception on Vietnamese Roads","hazard perception motorbike","informational","10-safety","10.1 core-skills","how-to","foreign riders in Hanoi","skeleton+research","no","none","Front Brake Use Without Fear","Core riding skills; manual-clutch-specific skills live in 5.1/5.2","","proposed"
"MM-0749","Reading Traffic Flow in Hanoi","Reading Traffic Flow in Hanoi","hanoi traffic flow riding","informational","10-safety","10.1 core-skills","how-to","foreign riders in Hanoi","skeleton+research","no","none","Hazard Perception on Vietnamese Roads","Core riding skills; manual-clutch-specific skills live in 5.1/5.2","","proposed"
"MM-0750","Riding at Night in Vietnam","Riding at Night in Vietnam","night riding vietnam motorbike","informational","10-safety","10.1 core-skills","how-to","foreign riders in Hanoi","skeleton+research","no","none","Reading Traffic Flow in Hanoi","Core riding skills; manual-clutch-specific skills live in 5.1/5.2","","proposed"
"MM-0751","Riding in Heavy Rain","Riding in Heavy Rain","riding motorbike heavy rain","informational","10-safety","10.1 core-skills","how-to","foreign riders in Hanoi","skeleton+research","no","none","Riding at Night in Vietnam","Core riding skills; manual-clutch-specific skills live in 5.1/5.2","","proposed"
"MM-0752","Riding Through Standing Water","Riding Through Standing Water","motorbike flooded road","informational","10-safety","10.1 core-skills","how-to","foreign riders in Hanoi","skeleton+research","no","none","Riding in Heavy Rain","Core riding skills; manual-clutch-specific skills live in 5.1/5.2","","proposed"
"MM-0753","Roundabouts in Vietnam","Roundabouts in Vietnam: How They Actually Work","vietnam roundabout rules riding","informational","10-safety","10.1 core-skills","how-to","foreign riders in Hanoi","skeleton+research","no","none","Riding Through Standing Water","Core riding skills; manual-clutch-specific skills live in 5.1/5.2","","proposed"
"MM-0754","Filtering Between Cars Safely","Filtering Between Cars Safely","lane filtering motorbike vietnam","informational","10-safety","10.1 core-skills","how-to","foreign riders in Hanoi","skeleton+research","no","none","Roundabouts in Vietnam: How They Actually Work","Core riding skills; manual-clutch-specific skills live in 5.1/5.2","","proposed"
"MM-0755","Turning Right Across Traffic (Right-Hook Risk)","Turning Right Across Traffic (Right-Hook Risk)","right turn motorbike traffic","informational","10-safety","10.1 core-skills","how-to","foreign riders in Hanoi","skeleton+research","no","none","Filtering Between Cars Safely","Core riding skills; manual-clutch-specific skills live in 5.1/5.2","","proposed"
"MM-0756","Managing Blind Spots Around Buses and Trucks","Managing Blind Spots Around Buses and Trucks","bus blind spot motorbike","informational","10-safety","10.1 core-skills","how-to","foreign riders in Hanoi","skeleton+research","no","none","Turning Right Across Traffic (Right-Hook Risk)","Core riding skills; manual-clutch-specific skills live in 5.1/5.2","","proposed"
"MM-0757","Railway Crossings and Unusual Junctions","Railway Crossings and Unusual Junctions","railway crossing motorbike vietnam","informational","10-safety","10.1 core-skills","how-to","foreign riders in Hanoi","skeleton+research","no","none","Managing Blind Spots Around Buses and Trucks","Core riding skills; manual-clutch-specific skills live in 5.1/5.2","","proposed"
"MM-0758","Riding on Slippery Bridge Decks","Riding on Slippery Bridge Decks","bridge riding motorbike hazard","informational","10-safety","10.1 core-skills","how-to","foreign riders in Hanoi","skeleton+research","no","none","Railway Crossings and Unusual Junctions","Core riding skills; manual-clutch-specific skills live in 5.1/5.2","","proposed"
"MM-0759","Sand, Gravel and Roadworks","Sand, Gravel and Roadworks","gravel road hazard motorbike","informational","10-safety","10.1 core-skills","how-to","foreign riders in Hanoi","skeleton+research","no","none","Riding on Slippery Bridge Decks","Core riding skills; manual-clutch-specific skills live in 5.1/5.2","","proposed"
"MM-0760","Unlit Vehicles and Night Hazards on Rural Roads","Unlit Vehicles and Night Hazards on Rural Roads","unlit vehicle night road vietnam","informational","10-safety","10.1 core-skills","how-to","foreign riders in Hanoi","skeleton+research","no","none","Sand, Gravel and Roadworks","Core riding skills; manual-clutch-specific skills live in 5.1/5.2","","proposed"
"MM-0761","Livestock and Animals on Country Roads","Livestock and Animals on Country Roads","animals on road motorbike vietnam","informational","10-safety","10.1 core-skills","how-to","foreign riders in Hanoi","skeleton+research","no","none","Unlit Vehicles and Night Hazards on Rural Roads","Core riding skills; manual-clutch-specific skills live in 5.1/5.2","","proposed"
"MM-0762","Mountain Road Riding Basics","Mountain Road Riding Basics","mountain road motorbike basics","informational","10-safety","10.1 core-skills","how-to","foreign riders in Hanoi","skeleton+research","no","none","Livestock and Animals on Country Roads","Core riding skills; manual-clutch-specific skills live in 5.1/5.2","","proposed"
"MM-0763","Descending Mountain Passes Safely","Descending Mountain Passes Safely","descending mountain pass motorbike","informational","10-safety","10.1 core-skills","how-to","foreign riders in Hanoi","skeleton+research","no","none","Mountain Road Riding Basics","Core riding skills; manual-clutch-specific skills live in 5.1/5.2","","proposed"
"MM-0764","Why Helmets Save Lives","Why Helmets Save Lives: The Basics","motorcycle helmet effectiveness","informational","10-safety","10.2 safety-topics","guide","foreign riders in Hanoi","skeleton","yes","R1 legal where cited","cluster hub","Safety knowledge; skills drills in 10.1","","proposed"
"MM-0765","Common Motorbike Accident Causes in Vietnam","Common Motorbike Accident Causes in Vietnam","motorbike accidents vietnam causes","informational","10-safety","10.2 safety-topics","guide","foreign riders in Hanoi","skeleton","yes","R1 legal where cited","Why Helmets Save Lives: The Basics","Safety knowledge; skills drills in 10.1","","proposed"
"MM-0766","What to Do After a Motorbike Accident in Vietnam","What to Do After a Motorbike Accident in Vietnam","motorbike accident vietnam what to do","informational","10-safety","10.2 safety-topics","guide","foreign riders in Hanoi","skeleton","yes","R1 legal where cited","Common Motorbike Accident Causes in Vietnam","Safety knowledge; skills drills in 10.1","","proposed"
"MM-0767","Basic First Aid","Basic First Aid for Riders","motorcycle first aid basics","informational","10-safety","10.2 safety-topics","guide","foreign riders in Hanoi","skeleton","yes","R1 legal where cited","What to Do After a Motorbike Accident in Vietnam","Safety knowledge; skills drills in 10.1","","proposed"
"MM-0768","Riding with a Passenger Safely","Riding with a Passenger Safely","riding with pillion safely","informational","10-safety","10.2 safety-topics","guide","foreign riders in Hanoi","skeleton","yes","R1 legal where cited","Basic First Aid for Riders","Safety knowledge; skills drills in 10.1","","proposed"
"MM-0769","Carrying Children on Motorbikes","Carrying Children on Motorbikes: Law and Safety","child on motorbike vietnam law","informational","10-safety","10.2 safety-topics","guide","foreign riders in Hanoi","skeleton","yes","R1 legal where cited","Riding with a Passenger Safely","Safety knowledge; skills drills in 10.1","","proposed"
"MM-0770","Drink-Driving Rules and Riding","Drink-Driving Rules and Riding","drink driving motorbike vietnam","informational","10-safety","10.2 safety-topics","guide","foreign riders in Hanoi","skeleton","yes","R1 legal where cited","Carrying Children on Motorbikes: Law and Safety","Safety knowledge; skills drills in 10.1","","proposed"
"MM-0771","Fatigue on Long Rides","Fatigue on Long Rides","rider fatigue long distance","informational","10-safety","10.2 safety-topics","guide","foreign riders in Hanoi","skeleton","yes","R1 legal where cited","Drink-Driving Rules and Riding","Safety knowledge; skills drills in 10.1","","proposed"
"MM-0772","Road Rage and Staying Calm in Traffic","Road Rage and Staying Calm in Traffic","road rage motorbike","informational","10-safety","10.2 safety-topics","guide","foreign riders in Hanoi","skeleton","yes","R1 legal where cited","Fatigue on Long Rides","Safety knowledge; skills drills in 10.1","","proposed"
"MM-0773","Dehydration While Riding in Heat","Dehydration While Riding in Heat","dehydration riding motorbike","informational","10-safety","10.2 safety-topics","guide","foreign riders in Hanoi","skeleton","yes","R1 legal where cited","Road Rage and Staying Calm in Traffic","Safety knowledge; skills drills in 10.1","","proposed"
"MM-0774","Rider Vision and Visibility Basics","Rider Vision and Visibility Basics","motorcycle visibility safety","informational","10-safety","10.2 safety-topics","guide","foreign riders in Hanoi","skeleton","yes","R1 legal where cited","Dehydration While Riding in Heat","Safety knowledge; skills drills in 10.1","","proposed"
"MM-0775","Safe Following Distances in Vietnamese Traffic","Safe Following Distances in Vietnamese Traffic","following distance motorbike","informational","10-safety","10.2 safety-topics","guide","foreign riders in Hanoi","skeleton","yes","R1 legal where cited","Rider Vision and Visibility Basics","Safety knowledge; skills drills in 10.1","","proposed"
"MM-0776","Intersections","Intersections: Where Crashes Happen","intersection safety motorbike","informational","10-safety","10.2 safety-topics","guide","foreign riders in Hanoi","skeleton","yes","R1 legal where cited","Safe Following Distances in Vietnamese Traffic","Safety knowledge; skills drills in 10.1","","proposed"
"MM-0777","Lane Discipline and Undertaking","Lane Discipline and Undertaking","lane discipline motorbike vietnam","informational","10-safety","10.2 safety-topics","guide","foreign riders in Hanoi","skeleton","yes","R1 legal where cited","Intersections: Where Crashes Happen","Safety knowledge; skills drills in 10.1","","proposed"
"MM-0778","Speed Choice in Urban","Speed Choice in Urban vs Rural Vietnam","safe speed motorbike vietnam","informational","10-safety","10.2 safety-topics","guide","foreign riders in Hanoi","skeleton","yes","R1 legal where cited","Lane Discipline and Undertaking","Safety knowledge; skills drills in 10.1","","proposed"
"MM-0779","What Foreigners Should Know Before Riding in Hanoi","What Foreigners Should Know Before Riding in Hanoi","foreigners riding hanoi tips","informational","10-safety","10.3 foreign-riders","guide","foreign riders in Hanoi","owner-history (customer questions)","no","none","cluster hub","Foreign-rider orientation; traffic skills in 10.1","","proposed"
"MM-0780","Adjusting to Hanoi Traffic Culture","Adjusting to Hanoi Traffic Culture","hanoi traffic culture explained","informational","10-safety","10.3 foreign-riders","guide","foreign riders in Hanoi","owner-history (customer questions)","no","none","What Foreigners Should Know Before Riding in Hanoi","Foreign-rider orientation; traffic skills in 10.1","","proposed"
"MM-0781","The First 48 Hours Riding in Vietnam","The First 48 Hours Riding in Vietnam","first days riding vietnam","informational","10-safety","10.3 foreign-riders","guide","foreign riders in Hanoi","owner-history (customer questions)","no","none","Adjusting to Hanoi Traffic Culture","Foreign-rider orientation; traffic skills in 10.1","","proposed"
"MM-0782","Riding After Years Off a Bike","Riding After Years Off a Bike","returning rider motorbike","informational","10-safety","10.3 foreign-riders","guide","foreign riders in Hanoi","owner-history (customer questions)","no","none","The First 48 Hours Riding in Vietnam","Foreign-rider orientation; traffic skills in 10.1","","proposed"
"MM-0783","Riding on the Wrong Side of the Road","Riding on the Wrong Side of the Road: Why It Happens Here","wrong way riding vietnam","informational","10-safety","10.3 foreign-riders","guide","foreign riders in Hanoi","owner-history (customer questions)","no","none","Riding After Years Off a Bike","Foreign-rider orientation; traffic skills in 10.1","","proposed"
"MM-0784","Honking Culture and What It Means","Honking Culture and What It Means","honking vietnam traffic","informational","10-safety","10.3 foreign-riders","guide","foreign riders in Hanoi","owner-history (customer questions)","no","none","Riding on the Wrong Side of the Road: Why It Happens Here","Foreign-rider orientation; traffic skills in 10.1","","proposed"
"MM-0785","Right of Way","Right of Way: Written vs Practiced","right of way vietnam roads","informational","10-safety","10.3 foreign-riders","guide","foreign riders in Hanoi","owner-history (customer questions)","no","none","Honking Culture and What It Means","Foreign-rider orientation; traffic skills in 10.1","","proposed"
"MM-0786","Traffic Police Stops","Traffic Police Stops: What to Expect","traffic police stop vietnam foreigner","informational","10-safety","10.3 foreign-riders","guide","foreign riders in Hanoi","owner-history (customer questions)","no","none","Right of Way: Written vs Practiced","Foreign-rider orientation; traffic skills in 10.1","","proposed"
"MM-0787","Riding Etiquette with Locals","Riding Etiquette with Locals","riding etiquette vietnam","informational","10-safety","10.3 foreign-riders","guide","foreign riders in Hanoi","owner-history (customer questions)","no","none","Traffic Police Stops: What to Expect","Foreign-rider orientation; traffic skills in 10.1","","proposed"
"MM-0788","Confidence-Building Plan","Confidence-Building Plan for Nervous Riders","nervous rider confidence motorbike","informational","10-safety","10.3 foreign-riders","guide","foreign riders in Hanoi","owner-history (customer questions)","no","none","Riding Etiquette with Locals","Foreign-rider orientation; traffic skills in 10.1","","proposed"
"MM-0789","When Not to Ride","When Not to Ride: Judging Conditions","when not to ride motorbike","informational","10-safety","10.3 foreign-riders","guide","foreign riders in Hanoi","owner-history (customer questions)","no","none","Confidence-Building Plan for Nervous Riders","Foreign-rider orientation; traffic skills in 10.1","","proposed"
"MM-0790","Women Riding Solo in Vietnam","Women Riding Solo in Vietnam","woman riding solo vietnam","informational","10-safety","10.3 foreign-riders","guide","foreign riders in Hanoi","owner-history (customer questions)","no","none","When Not to Ride: Judging Conditions","Foreign-rider orientation; traffic skills in 10.1","","proposed"
"MM-0791","Riding with Kids as an Expat Parent","Riding with Kids as an Expat Parent","expat parent riding kids vietnam","informational","10-safety","10.3 foreign-riders","guide","foreign riders in Hanoi","owner-history (customer questions)","no","none","Women Riding Solo in Vietnam","Foreign-rider orientation; traffic skills in 10.1","","proposed"
"MM-0792","Group","Group vs Solo Riding for Beginners","solo vs group riding beginner","informational","10-safety","10.3 foreign-riders","guide","foreign riders in Hanoi","owner-history (customer questions)","no","none","Riding with Kids as an Expat Parent","Foreign-rider orientation; traffic skills in 10.1","","proposed"
"MM-0793","Skills Check Before a Long Trip","Skills Check Before a Long Trip","pre trip skills check motorbike","informational","10-safety","10.3 foreign-riders","guide","foreign riders in Hanoi","owner-history (customer questions)","no","none","Group vs Solo Riding for Beginners","Foreign-rider orientation; traffic skills in 10.1","","proposed"
"MM-0794","Beginner to Confident","Beginner to Confident: A 3-Month Riding Plan","beginner riding plan motorbike","informational","10-safety","10.4 progression","guide","foreign riders in Hanoi","skeleton+research","no","none","cluster hub","Progression roadmaps","","proposed"
"MM-0795","From City Rider to Mountain Rider","From City Rider to Mountain Rider","city to mountain riding progression","informational","10-safety","10.4 progression","guide","foreign riders in Hanoi","skeleton+research","no","none","Beginner to Confident: A 3-Month Riding Plan","Progression roadmaps","","proposed"
"MM-0796","Preparing","Preparing for Your First Long-Distance Trip","first long motorbike trip vietnam","informational","10-safety","10.4 progression","guide","foreign riders in Hanoi","skeleton+research","no","none","From City Rider to Mountain Rider","Progression roadmaps","","proposed"
"MM-0797","Practice Drills You Can Do Weekly","Practice Drills You Can Do Weekly","weekly motorbike practice drills","informational","10-safety","10.4 progression","guide","foreign riders in Hanoi","skeleton+research","no","none","Preparing for Your First Long-Distance Trip","Progression roadmaps","","proposed"
"MM-0798","Assessing Your Own Riding Honestly","Assessing Your Own Riding Honestly","self assessment riding skills","informational","10-safety","10.4 progression","guide","foreign riders in Hanoi","skeleton+research","no","none","Practice Drills You Can Do Weekly","Progression roadmaps","","proposed"
"MM-0799","Vietnam Motorbike Licence Classes Explained (A1, A, B1)","Vietnam Motorbike Licence Classes Explained (A1, A, B1)","vietnam motorbike licence classes","informational","11-law","11.1 licence-system","legal","foreign riders in Hanoi","owner-history (customer questions)","yes","R1 HIGH: government sources, last_reviewed","cluster hub","Canonical legal articles; summaries in other clusters link here. ALL rows R1: government sources, last_reviewed, facts vs practical advice separated","","proposed"
"MM-0800","The A1 Licence","The A1 Licence: What You Can Ride","a1 licence vietnam","informational","11-law","11.1 licence-system","legal","foreign riders in Hanoi","owner-history (customer questions)","yes","R1 HIGH: government sources, last_reviewed","Vietnam Motorbike Licence Classes Explained (A1, A, B1)","Canonical legal articles; summaries in other clusters link here. ALL rows R1: government sources, last_reviewed, facts vs practical advice separated","","proposed"
"MM-0801","B1 and Car Licences","B1 and Car Licences: What Two-Wheelers You Can Ride","b1 licence motorbike vietnam","informational","11-law","11.1 licence-system","legal","foreign riders in Hanoi","owner-history (customer questions)","yes","R1 HIGH: government sources, last_reviewed","The A1 Licence: What You Can Ride","Canonical legal articles; summaries in other clusters link here. ALL rows R1: government sources, last_reviewed, facts vs practical advice separated","","proposed"
"MM-0802","Minimum Age","Minimum Age for Each Licence Class","motorbike licence age vietnam","informational","11-law","11.1 licence-system","legal","foreign riders in Hanoi","owner-history (customer questions)","yes","R1 HIGH: government sources, last_reviewed","B1 and Car Licences: What Two-Wheelers You Can Ride","Canonical legal articles; summaries in other clusters link here. ALL rows R1: government sources, last_reviewed, facts vs practical advice separated","","proposed"
"MM-0803","How to Get an A1 Licence in Vietnam","How to Get an A1 Licence in Vietnam: The Process","how to get a1 licence vietnam","informational","11-law","11.1 licence-system","legal","foreign riders in Hanoi","owner-history (customer questions)","yes","R1 HIGH: government sources, last_reviewed","Minimum Age for Each Licence Class","Canonical legal articles; summaries in other clusters link here. ALL rows R1: government sources, last_reviewed, facts vs practical advice separated","","proposed"
"MM-0804","The A1 Driving Test","The A1 Driving Test: What It Involves","a1 driving test vietnam","informational","11-law","11.1 licence-system","legal","foreign riders in Hanoi","owner-history (customer questions)","yes","R1 HIGH: government sources, last_reviewed","How to Get an A1 Licence in Vietnam: The Process","Canonical legal articles; summaries in other clusters link here. ALL rows R1: government sources, last_reviewed, facts vs practical advice separated","","proposed"
"MM-0805","Licence Requirements","Licence Requirements for 50cc and Under","licence 50cc vietnam rules","informational","11-law","11.1 licence-system","legal","foreign riders in Hanoi","owner-history (customer questions)","yes","R1 HIGH: government sources, last_reviewed","The A1 Driving Test: What It Involves","Canonical legal articles; summaries in other clusters link here. ALL rows R1: government sources, last_reviewed, facts vs practical advice separated","","proposed"
"MM-0806","Licence Requirements","Licence Requirements for Electric Bikes and E-Motorbikes","electric bike licence law vietnam","informational","11-law","11.1 licence-system","legal","foreign riders in Hanoi","owner-history (customer questions)","yes","R1 HIGH: government sources, last_reviewed","Licence Requirements for 50cc and Under","Canonical legal articles; summaries in other clusters link here. ALL rows R1: government sources, last_reviewed, facts vs practical advice separated","","proposed"
"MM-0807","Motorbike Licence Validity and Renewal","Motorbike Licence Validity and Renewal","motorbike licence renewal vietnam","informational","11-law","11.1 licence-system","legal","foreign riders in Hanoi","owner-history (customer questions)","yes","R1 HIGH: government sources, last_reviewed","Licence Requirements for Electric Bikes and E-Motorbikes","Canonical legal articles; summaries in other clusters link here. ALL rows R1: government sources, last_reviewed, facts vs practical advice separated","","proposed"
"MM-0808","Vietnamese Learner Permits and Restrictions","Vietnamese Learner Permits and Restrictions","learner permit motorbike vietnam","informational","11-law","11.1 licence-system","legal","foreign riders in Hanoi","owner-history (customer questions)","yes","R1 HIGH: government sources, last_reviewed","Motorbike Licence Validity and Renewal","Canonical legal articles; summaries in other clusters link here. ALL rows R1: government sources, last_reviewed, facts vs practical advice separated","","proposed"
"MM-0809","Licence Points and Suspension Rules","Licence Points and Suspension Rules","licence points vietnam","informational","11-law","11.1 licence-system","legal","foreign riders in Hanoi","owner-history (customer questions)","yes","R1 HIGH: government sources, last_reviewed","Vietnamese Learner Permits and Restrictions","Canonical legal articles; summaries in other clusters link here. ALL rows R1: government sources, last_reviewed, facts vs practical advice separated","","proposed"
"MM-0810","Riding on a Car Licence from Abroad","Riding on a Car Licence from Abroad: What Applies","foreign car licence motorbike vietnam","informational","11-law","11.1 licence-system","legal","foreign riders in Hanoi","owner-history (customer questions)","yes","R1 HIGH: government sources, last_reviewed","Licence Points and Suspension Rules","Canonical legal articles; summaries in other clusters link here. ALL rows R1: government sources, last_reviewed, facts vs practical advice separated","","proposed"
"MM-0811","Medical Requirements","Medical Requirements for Motorbike Licences","motorbike licence medical vietnam","informational","11-law","11.1 licence-system","legal","foreign riders in Hanoi","owner-history (customer questions)","yes","R1 HIGH: government sources, last_reviewed","Riding on a Car Licence from Abroad: What Applies","Canonical legal articles; summaries in other clusters link here. ALL rows R1: government sources, last_reviewed, facts vs practical advice separated","","proposed"
"MM-0812","Motorcycle Licences","Motorcycle Licences for Vietnamese Residents Returning from Abroad","vietnamese abroad licence conversion","informational","11-law","11.1 licence-system","legal","foreign riders in Hanoi","owner-history (customer questions)","yes","R1 HIGH: government sources, last_reviewed","Medical Requirements for Motorbike Licences","Canonical legal articles; summaries in other clusters link here. ALL rows R1: government sources, last_reviewed, facts vs practical advice separated","","proposed"
"MM-0813","What Happens If You Ride Without a Valid Licence","What Happens If You Ride Without a Valid Licence","riding without licence vietnam consequences","informational","11-law","11.1 licence-system","legal","foreign riders in Hanoi","owner-history (customer questions)","yes","R1 HIGH: government sources, last_reviewed","Motorcycle Licences for Vietnamese Residents Returning from Abroad","Canonical legal articles; summaries in other clusters link here. ALL rows R1: government sources, last_reviewed, facts vs practical advice separated","","proposed"
"MM-0814","Licence Checks During Traffic Stops","Licence Checks During Traffic Stops","licence check traffic stop vietnam","informational","11-law","11.1 licence-system","legal","foreign riders in Hanoi","owner-history (customer questions)","yes","R1 HIGH: government sources, last_reviewed","What Happens If You Ride Without a Valid Licence","Canonical legal articles; summaries in other clusters link here. ALL rows R1: government sources, last_reviewed, facts vs practical advice separated","","proposed"
"MM-0815","Photocopies","Photocopies vs Original Licences While Riding","carry original licence vietnam","informational","11-law","11.1 licence-system","legal","foreign riders in Hanoi","owner-history (customer questions)","yes","R1 HIGH: government sources, last_reviewed","Licence Checks During Traffic Stops","Canonical legal articles; summaries in other clusters link here. ALL rows R1: government sources, last_reviewed, facts vs practical advice separated","","proposed"
"MM-0816","How the 2026 Traffic Law Changed Motorbike Rules","How the 2026 Traffic Law Changed Motorbike Rules","2026 traffic law motorbike vietnam","informational","11-law","11.1 licence-system","legal","foreign riders in Hanoi","owner-history (customer questions)","yes","R1 HIGH: government sources, last_reviewed","Photocopies vs Original Licences While Riding","Canonical legal articles; summaries in other clusters link here. ALL rows R1: government sources, last_reviewed, facts vs practical advice separated","","proposed"
"MM-0817","Can Tourists Legally Ride a Motorbike in Vietnam?","Can Tourists Legally Ride a Motorbike in Vietnam?","can tourists ride motorbike vietnam","informational","11-law","11.2 foreigners","legal","foreign riders in Hanoi","owner-history (customer questions)","yes","R1 HIGH","cluster hub","Foreign-rider legal processes; licence classes in 11.1","","proposed"
"MM-0818","International Driving Permits","International Driving Permits for Vietnam: The Rules","idp vietnam motorbike","informational","11-law","11.2 foreigners","legal","foreign riders in Hanoi","owner-history (customer questions)","yes","R1 HIGH","Can Tourists Legally Ride a Motorbike in Vietnam?","Foreign-rider legal processes; licence classes in 11.1","","proposed"
"MM-0819","Why the 1968 Vienna Convention Matters","Why the 1968 Vienna Convention Matters for Your IDP","1968 vienna convention driving vietnam","informational","11-law","11.2 foreigners","legal","foreign riders in Hanoi","owner-history (customer questions)","yes","R1 HIGH","International Driving Permits for Vietnam: The Rules","Foreign-rider legal processes; licence classes in 11.1","","proposed"
"MM-0820","Which Countries’ IDPs Vietnam Recognises","Which Countries’ IDPs Vietnam Recognises","idp recognized countries vietnam","informational","11-law","11.2 foreigners","legal","foreign riders in Hanoi","owner-history (customer questions)","yes","R1 HIGH","Why the 1968 Vienna Convention Matters for Your IDP","Foreign-rider legal processes; licence classes in 11.1","","proposed"
"MM-0821","Converting a Foreign Motorbike Licence to a Vietnamese One","Converting a Foreign Motorbike Licence to a Vietnamese One","convert foreign licence vietnam","informational","11-law","11.2 foreigners","legal","foreign riders in Hanoi","owner-history (customer questions)","yes","R1 HIGH","Which Countries’ IDPs Vietnam Recognises","Foreign-rider legal processes; licence classes in 11.1","","proposed"
"MM-0822","Documents a Foreign Rider Must Carry","Documents a Foreign Rider Must Carry","documents foreign rider vietnam","informational","11-law","11.2 foreigners","legal","foreign riders in Hanoi","owner-history (customer questions)","yes","R1 HIGH","Converting a Foreign Motorbike Licence to a Vietnamese One","Foreign-rider legal processes; licence classes in 11.1","","proposed"
"MM-0823","Renting a Bike Legally as a Foreigner in Vietnam","Renting a Bike Legally as a Foreigner in Vietnam","foreigner renting motorbike legally vietnam","informational","11-law","11.2 foreigners","legal","foreign riders in Hanoi","owner-history (customer questions)","yes","R1 HIGH","Documents a Foreign Rider Must Carry","Foreign-rider legal processes; licence classes in 11.1","","proposed"
"MM-0824","Riding Without an IDP","Riding Without an IDP: The Legal and Practical Reality","riding without idp vietnam","informational","11-law","11.2 foreigners","legal","foreign riders in Hanoi","owner-history (customer questions)","yes","R1 HIGH","Renting a Bike Legally as a Foreigner in Vietnam","Foreign-rider legal processes; licence classes in 11.1","","proposed"
"MM-0825","Getting a Vietnamese Licence as an Expat","Getting a Vietnamese Licence as an Expat: Step by Step","vietnamese licence expat process","informational","11-law","11.2 foreigners","legal","foreign riders in Hanoi","owner-history (customer questions)","yes","R1 HIGH","Riding Without an IDP: The Legal and Practical Reality","Foreign-rider legal processes; licence classes in 11.1","","proposed"
"MM-0826","Licence Issues After Visa Changes","Licence Issues After Visa Changes","visa change driving licence vietnam","informational","11-law","11.2 foreigners","legal","foreign riders in Hanoi","owner-history (customer questions)","yes","R1 HIGH","Getting a Vietnamese Licence as an Expat: Step by Step","Foreign-rider legal processes; licence classes in 11.1","","proposed"
"MM-0827","Insurance Consequences of Riding Without a Valid Licence","Insurance Consequences of Riding Without a Valid Licence","no licence insurance vietnam","informational","11-law","11.2 foreigners","legal","foreign riders in Hanoi","owner-history (customer questions)","yes","R1 HIGH","Licence Issues After Visa Changes","Foreign-rider legal processes; licence classes in 11.1","","proposed"
"MM-0828","What Police Check on Foreign Riders","What Police Check on Foreign Riders","police foreign riders vietnam","informational","11-law","11.2 foreigners","legal","foreign riders in Hanoi","owner-history (customer questions)","yes","R1 HIGH","Insurance Consequences of Riding Without a Valid Licence","Foreign-rider legal processes; licence classes in 11.1","","proposed"
"MM-0829","Penalties","Penalties for Foreign Riders Without Licences","fine foreigner no licence vietnam","informational","11-law","11.2 foreigners","legal","foreign riders in Hanoi","owner-history (customer questions)","yes","R1 HIGH","What Police Check on Foreign Riders","Foreign-rider legal processes; licence classes in 11.1","","proposed"
"MM-0830","Embassy and Consulate Guidance on Riding Legally","Embassy and Consulate Guidance on Riding Legally","embassy advice motorbike vietnam","informational","11-law","11.2 foreigners","legal","foreign riders in Hanoi","owner-history (customer questions)","yes","R1 HIGH","Penalties for Foreign Riders Without Licences","Foreign-rider legal processes; licence classes in 11.1","","proposed"
"MM-0831","Legal Responsibility After an Accident","Legal Responsibility After an Accident for Foreigners","foreigner accident liability vietnam","informational","11-law","11.2 foreigners","legal","foreign riders in Hanoi","owner-history (customer questions)","yes","R1 HIGH","Embassy and Consulate Guidance on Riding Legally","Foreign-rider legal processes; licence classes in 11.1","","proposed"
"MM-0832","The Helmet Law in Vietnam","The Helmet Law in Vietnam: Requirements and Standards","helmet law vietnam","informational","11-law","11.3 traffic-rules","legal","foreign riders in Hanoi","owner-history","yes","R1 HIGH","cluster hub","Rule-by-rule articles; fines in 11.4","","proposed"
"MM-0833","Helmet Standards (QCVN) Explained","Helmet Standards (QCVN) Explained","qcvn helmet standard vietnam","informational","11-law","11.3 traffic-rules","legal","foreign riders in Hanoi","owner-history","yes","R1 HIGH","The Helmet Law in Vietnam: Requirements and Standards","Rule-by-rule articles; fines in 11.4","","proposed"
"MM-0834","Drink-Driving Limits","Drink-Driving Limits for Motorbike Riders","drink driving limit motorbike vietnam","informational","11-law","11.3 traffic-rules","legal","foreign riders in Hanoi","owner-history","yes","R1 HIGH","Helmet Standards (QCVN) Explained","Rule-by-rule articles; fines in 11.4","","proposed"
"MM-0835","Zero-Tolerance Alcohol Rules","Zero-Tolerance Alcohol Rules for Motorbikes","alcohol law motorbike vietnam","informational","11-law","11.3 traffic-rules","legal","foreign riders in Hanoi","owner-history","yes","R1 HIGH","Drink-Driving Limits for Motorbike Riders","Rule-by-rule articles; fines in 11.4","","proposed"
"MM-0836","Traffic Signals and What They Mean","Traffic Signals and What They Mean","traffic signals vietnam","informational","11-law","11.3 traffic-rules","legal","foreign riders in Hanoi","owner-history","yes","R1 HIGH","Zero-Tolerance Alcohol Rules for Motorbikes","Rule-by-rule articles; fines in 11.4","","proposed"
"MM-0837","Lane Discipline Rules","Lane Discipline Rules for Motorbikes","lane rules motorbike vietnam","informational","11-law","11.3 traffic-rules","legal","foreign riders in Hanoi","owner-history","yes","R1 HIGH","Traffic Signals and What They Mean","Rule-by-rule articles; fines in 11.4","","proposed"
"MM-0838","One-Way Streets and Local Exceptions","One-Way Streets and Local Exceptions","one way street rules vietnam","informational","11-law","11.3 traffic-rules","legal","foreign riders in Hanoi","owner-history","yes","R1 HIGH","Lane Discipline Rules for Motorbikes","Rule-by-rule articles; fines in 11.4","","proposed"
"MM-0839","Mobile Phone Use While Riding","Mobile Phone Use While Riding: The Law","phone while riding law vietnam","informational","11-law","11.3 traffic-rules","legal","foreign riders in Hanoi","owner-history","yes","R1 HIGH","One-Way Streets and Local Exceptions","Rule-by-rule articles; fines in 11.4","","proposed"
"MM-0840","Speed Limits","Speed Limits for Motorbikes in Vietnam","speed limits motorbike vietnam","informational","11-law","11.3 traffic-rules","legal","foreign riders in Hanoi","owner-history","yes","R1 HIGH","Mobile Phone Use While Riding: The Law","Rule-by-rule articles; fines in 11.4","","proposed"
"MM-0841","Right Turn on Red in Vietnam","Right Turn on Red in Vietnam","right turn on red vietnam","informational","11-law","11.3 traffic-rules","legal","foreign riders in Hanoi","owner-history","yes","R1 HIGH","Speed Limits for Motorbikes in Vietnam","Rule-by-rule articles; fines in 11.4","","proposed"
"MM-0842","Motorbikes on Highways","Motorbikes on Highways: What Is Allowed","motorbike highway law vietnam","informational","11-law","11.3 traffic-rules","legal","foreign riders in Hanoi","owner-history","yes","R1 HIGH","Right Turn on Red in Vietnam","Rule-by-rule articles; fines in 11.4","","proposed"
"MM-0843","Carrying Passengers","Carrying Passengers: Legal Limits","motorbike passenger law vietnam","informational","11-law","11.3 traffic-rules","legal","foreign riders in Hanoi","owner-history","yes","R1 HIGH","Motorbikes on Highways: What Is Allowed","Rule-by-rule articles; fines in 11.4","","proposed"
"MM-0844","Load and Size Limits on Motorbikes","Load and Size Limits on Motorbikes","motorbike load limit vietnam","informational","11-law","11.3 traffic-rules","legal","foreign riders in Hanoi","owner-history","yes","R1 HIGH","Carrying Passengers: Legal Limits","Rule-by-rule articles; fines in 11.4","","proposed"
"MM-0845","Traffic Light Cameras and Enforcement","Traffic Light Cameras and Enforcement","traffic camera vietnam enforcement","informational","11-law","11.3 traffic-rules","legal","foreign riders in Hanoi","owner-history","yes","R1 HIGH","Load and Size Limits on Motorbikes","Rule-by-rule articles; fines in 11.4","","proposed"
"MM-0846","Police Checkpoints","Police Checkpoints: Rights and Process","police checkpoint vietnam","informational","11-law","11.3 traffic-rules","legal","foreign riders in Hanoi","owner-history","yes","R1 HIGH","Traffic Light Cameras and Enforcement","Rule-by-rule articles; fines in 11.4","","proposed"
"MM-0847","Motorbike Fines in Vietnam","Motorbike Fines in Vietnam: Current Overview","motorbike fines vietnam","informational","11-law","11.4 fines-penalties","legal","foreign riders in Hanoi","owner-history","yes","R1 HIGH: verify current decree","cluster hub","Current penalty framework; rules themselves in 11.3","","proposed"
"MM-0848","Fine","Fine for Riding Without a Helmet","no helmet fine vietnam","informational","11-law","11.4 fines-penalties","legal","foreign riders in Hanoi","owner-history","yes","R1 HIGH: verify current decree","Motorbike Fines in Vietnam: Current Overview","Current penalty framework; rules themselves in 11.3","","proposed"
"MM-0849","Fine","Fine for Riding Without a Licence","no licence fine vietnam","informational","11-law","11.4 fines-penalties","legal","foreign riders in Hanoi","owner-history","yes","R1 HIGH: verify current decree","Fine for Riding Without a Helmet","Current penalty framework; rules themselves in 11.3","","proposed"
"MM-0850","Fine","Fine for Running a Red Light","red light fine vietnam","informational","11-law","11.4 fines-penalties","legal","foreign riders in Hanoi","owner-history","yes","R1 HIGH: verify current decree","Fine for Riding Without a Licence","Current penalty framework; rules themselves in 11.3","","proposed"
"MM-0851","Fine","Fine for Drink-Driving on a Motorbike","drink driving fine vietnam motorbike","informational","11-law","11.4 fines-penalties","legal","foreign riders in Hanoi","owner-history","yes","R1 HIGH: verify current decree","Fine for Running a Red Light","Current penalty framework; rules themselves in 11.3","","proposed"
"MM-0852","Fine","Fine for Riding the Wrong Way","wrong way fine vietnam","informational","11-law","11.4 fines-penalties","legal","foreign riders in Hanoi","owner-history","yes","R1 HIGH: verify current decree","Fine for Drink-Driving on a Motorbike","Current penalty framework; rules themselves in 11.3","","proposed"
"MM-0853","Fine","Fine for Using a Phone While Riding","phone riding fine vietnam","informational","11-law","11.4 fines-penalties","legal","foreign riders in Hanoi","owner-history","yes","R1 HIGH: verify current decree","Fine for Riding the Wrong Way","Current penalty framework; rules themselves in 11.3","","proposed"
"MM-0854","Fine","Fine for Carrying Too Many Passengers","too many passengers fine vietnam","informational","11-law","11.4 fines-penalties","legal","foreign riders in Hanoi","owner-history","yes","R1 HIGH: verify current decree","Fine for Using a Phone While Riding","Current penalty framework; rules themselves in 11.3","","proposed"
"MM-0855","Speeding Fines","Speeding Fines for Motorbikes","speeding fine motorbike vietnam","informational","11-law","11.4 fines-penalties","legal","foreign riders in Hanoi","owner-history","yes","R1 HIGH: verify current decree","Fine for Carrying Too Many Passengers","Current penalty framework; rules themselves in 11.3","","proposed"
"MM-0856","How Fines Are Paid","How Fines Are Paid: The Process","pay traffic fine vietnam","informational","11-law","11.4 fines-penalties","legal","foreign riders in Hanoi","owner-history","yes","R1 HIGH: verify current decree","Speeding Fines for Motorbikes","Current penalty framework; rules themselves in 11.3","","proposed"
"MM-0857","Motorbike Registration in Vietnam Explained","Motorbike Registration in Vietnam Explained","motorbike registration vietnam","informational","11-law","11.5 registration-insurance","legal","foreign riders in Hanoi","skeleton+research","yes","R1 HIGH","cluster hub","Registration/insurance canonical articles","","proposed"
"MM-0858","Number Plates and What They Tell You","Number Plates and What They Tell You","vietnam motorbike number plates","informational","11-law","11.5 registration-insurance","legal","foreign riders in Hanoi","skeleton+research","yes","R1 HIGH","Motorbike Registration in Vietnam Explained","Registration/insurance canonical articles","","proposed"
"MM-0859","Vehicle Inspection (Kiem Dinh) Requirements","Vehicle Inspection (Kiem Dinh) Requirements","kiem dinh motorbike vietnam","informational","11-law","11.5 registration-insurance","legal","foreign riders in Hanoi","skeleton+research","yes","R1 HIGH","Number Plates and What They Tell You","Registration/insurance canonical articles","","proposed"
"MM-0860","Compulsory Motorbike Insurance (TNGT) Explained","Compulsory Motorbike Insurance (TNGT) Explained","compulsory motorbike insurance vietnam","informational","11-law","11.5 registration-insurance","legal","foreign riders in Hanoi","skeleton+research","yes","R1 HIGH","Vehicle Inspection (Kiem Dinh) Requirements","Registration/insurance canonical articles","","proposed"
"MM-0861","Voluntary Insurance Options","Voluntary Insurance Options for Riders","voluntary motorbike insurance vietnam","informational","11-law","11.5 registration-insurance","legal","foreign riders in Hanoi","skeleton+research","yes","R1 HIGH","Compulsory Motorbike Insurance (TNGT) Explained","Registration/insurance canonical articles","","proposed"
"MM-0862","What Compulsory Insurance Covers and Does Not","What Compulsory Insurance Covers and Does Not","tngt insurance coverage vietnam","informational","11-law","11.5 registration-insurance","legal","foreign riders in Hanoi","skeleton+research","yes","R1 HIGH","Voluntary Insurance Options for Riders","Registration/insurance canonical articles","","proposed"
"MM-0863","Registering a Bike Bought Second-Hand","Registering a Bike Bought Second-Hand","transfer motorbike registration vietnam","informational","11-law","11.5 registration-insurance","legal","foreign riders in Hanoi","skeleton+research","yes","R1 HIGH","What Compulsory Insurance Covers and Does Not","Registration/insurance canonical articles","","proposed"
"MM-0864","Registration","Registration for Electric Two-Wheelers","electric bike registration law vietnam","informational","11-law","11.5 registration-insurance","legal","foreign riders in Hanoi","skeleton+research","yes","R1 HIGH","Registering a Bike Bought Second-Hand","Registration/insurance canonical articles","","proposed"
"MM-0865","Insurance When Renting a Motorbike","Insurance When Renting a Motorbike","rental motorbike insurance vietnam","informational","11-law","11.5 registration-insurance","legal","foreign riders in Hanoi","skeleton+research","yes","R1 HIGH","Registration for Electric Two-Wheelers","Registration/insurance canonical articles","","proposed"
"MM-0866","Documents to Prove Ownership","Documents to Prove Ownership","motorbike ownership documents vietnam","informational","11-law","11.5 registration-insurance","legal","foreign riders in Hanoi","skeleton+research","yes","R1 HIGH","Insurance When Renting a Motorbike","Registration/insurance canonical articles","","proposed"
"MM-0867","Riding a Motorbike in Hanoi","Riding a Motorbike in Hanoi: The Honest Guide","riding motorbike hanoi guide","informational","12-hanoi","12.1 riding-hanoi","guide","foreign riders in Hanoi","gsc+owner-history","yes","none","cluster hub","Practical riding-in-Hanoi knowledge; safety skills in cluster 10","","proposed"
"MM-0868","Hanoi Traffic Explained","Hanoi Traffic Explained for New Arrivals","hanoi traffic explained","informational","12-hanoi","12.1 riding-hanoi","guide","foreign riders in Hanoi","gsc+owner-history","yes","none","Riding a Motorbike in Hanoi: The Honest Guide","Practical riding-in-Hanoi knowledge; safety skills in cluster 10","","proposed"
"MM-0869","Where to Park a Motorbike in Hanoi (and What It Costs)","Where to Park a Motorbike in Hanoi (and What It Costs)","park motorbike hanoi cost","informational","12-hanoi","12.1 riding-hanoi","guide","foreign riders in Hanoi","gsc+owner-history","yes","none","Hanoi Traffic Explained for New Arrivals","Practical riding-in-Hanoi knowledge; safety skills in cluster 10","","proposed"
"MM-0870","Parking Etiquette and Common Mistakes","Parking Etiquette and Common Mistakes","motorbike parking etiquette hanoi","informational","12-hanoi","12.1 riding-hanoi","guide","foreign riders in Hanoi","gsc+owner-history","yes","none","Where to Park a Motorbike in Hanoi (and What It Costs)","Practical riding-in-Hanoi knowledge; safety skills in cluster 10","","proposed"
"MM-0871","Finding Petrol Stations in Hanoi","Finding Petrol Stations in Hanoi","petrol stations hanoi","informational","12-hanoi","12.1 riding-hanoi","guide","foreign riders in Hanoi","gsc+owner-history","yes","none","Parking Etiquette and Common Mistakes","Practical riding-in-Hanoi knowledge; safety skills in cluster 10","","proposed"
"MM-0872","Navigating Hanoi Without Google Maps Fails","Navigating Hanoi Without Google Maps Fails","navigation hanoi motorbike","informational","12-hanoi","12.1 riding-hanoi","guide","foreign riders in Hanoi","gsc+owner-history","yes","none","Finding Petrol Stations in Hanoi","Practical riding-in-Hanoi knowledge; safety skills in cluster 10","","proposed"
"MM-0873","Hanoi’s Ring Roads and Bridges","Hanoi’s Ring Roads and Bridges for Riders","hanoi ring roads bridges riding","informational","12-hanoi","12.1 riding-hanoi","guide","foreign riders in Hanoi","gsc+owner-history","yes","none","Navigating Hanoi Without Google Maps Fails","Practical riding-in-Hanoi knowledge; safety skills in cluster 10","","proposed"
"MM-0874","Rush Hours in Hanoi","Rush Hours in Hanoi: When to Avoid Riding","hanoi rush hour motorbike","informational","12-hanoi","12.1 riding-hanoi","guide","foreign riders in Hanoi","gsc+owner-history","yes","none","Hanoi’s Ring Roads and Bridges for Riders","Practical riding-in-Hanoi knowledge; safety skills in cluster 10","","proposed"
"MM-0875","Riding in the Old Quarter","Riding in the Old Quarter: Narrow Streets and Rules of Thumb","old quarter riding hanoi","informational","12-hanoi","12.1 riding-hanoi","guide","foreign riders in Hanoi","gsc+owner-history","yes","none","Rush Hours in Hanoi: When to Avoid Riding","Practical riding-in-Hanoi knowledge; safety skills in cluster 10","","proposed"
"MM-0876","Air Quality and Riding in Hanoi","Air Quality and Riding in Hanoi","air quality riding hanoi","informational","12-hanoi","12.1 riding-hanoi","guide","foreign riders in Hanoi","gsc+owner-history","yes","none","Riding in the Old Quarter: Narrow Streets and Rules of Thumb","Practical riding-in-Hanoi knowledge; safety skills in cluster 10","","proposed"
"MM-0877","Hanoi Weather Through the Year","Hanoi Weather Through the Year for Riders","hanoi weather motorbike riding","informational","12-hanoi","12.1 riding-hanoi","guide","foreign riders in Hanoi","gsc+owner-history","yes","none","Air Quality and Riding in Hanoi","Practical riding-in-Hanoi knowledge; safety skills in cluster 10","","proposed"
"MM-0878","The Four Seasons of Riding in Hanoi","The Four Seasons of Riding in Hanoi","riding seasons hanoi","informational","12-hanoi","12.1 riding-hanoi","guide","foreign riders in Hanoi","gsc+owner-history","yes","none","Hanoi Weather Through the Year for Riders","Practical riding-in-Hanoi knowledge; safety skills in cluster 10","","proposed"
"MM-0879","Typhoons and When to Park the Bike","Typhoons and When to Park the Bike","typhoon hanoi riding","informational","12-hanoi","12.1 riding-hanoi","guide","foreign riders in Hanoi","gsc+owner-history","yes","none","The Four Seasons of Riding in Hanoi","Practical riding-in-Hanoi knowledge; safety skills in cluster 10","","proposed"
"MM-0880","Getting a Motorbike Over/Under Bridges and River Crossings","Getting a Motorbike Over/Under Bridges and River Crossings","hanoi bridges motorbike routes","informational","12-hanoi","12.1 riding-hanoi","guide","foreign riders in Hanoi","gsc+owner-history","yes","none","Typhoons and When to Park the Bike","Practical riding-in-Hanoi knowledge; safety skills in cluster 10","","proposed"
"MM-0881","Common Riding Routes Across the City","Common Riding Routes Across the City","cross city motorbike routes hanoi","informational","12-hanoi","12.1 riding-hanoi","guide","foreign riders in Hanoi","gsc+owner-history","yes","none","Getting a Motorbike Over/Under Bridges and River Crossings","Practical riding-in-Hanoi knowledge; safety skills in cluster 10","","proposed"
"MM-0882","Motorbike-Friendly Places","Motorbike-Friendly Places vs Car-Only Zones","motorbike restricted zones hanoi","informational","12-hanoi","12.1 riding-hanoi","guide","foreign riders in Hanoi","gsc+owner-history","yes","none","Common Riding Routes Across the City","Practical riding-in-Hanoi knowledge; safety skills in cluster 10","","proposed"
"MM-0883","Washing and Servicing Your Bike in Hanoi","Washing and Servicing Your Bike in Hanoi","bike wash hanoi","informational","12-hanoi","12.1 riding-hanoi","guide","foreign riders in Hanoi","gsc+owner-history","yes","none","Motorbike-Friendly Places vs Car-Only Zones","Practical riding-in-Hanoi knowledge; safety skills in cluster 10","","proposed"
"MM-0884","Fuel Quality and Station Chains in Vietnam","Fuel Quality and Station Chains in Vietnam","fuel quality vietnam stations","informational","12-hanoi","12.1 riding-hanoi","guide","foreign riders in Hanoi","gsc+owner-history","yes","none","Washing and Servicing Your Bike in Hanoi","Practical riding-in-Hanoi knowledge; safety skills in cluster 10","","proposed"
"MM-0885","Ride-Hailing","Ride-Hailing vs Owning a Bike in Hanoi","grab vs own motorbike hanoi","informational","12-hanoi","12.1 riding-hanoi","guide","foreign riders in Hanoi","gsc+owner-history","yes","none","Fuel Quality and Station Chains in Vietnam","Practical riding-in-Hanoi knowledge; safety skills in cluster 10","","proposed"
"MM-0886","Cost of Daily Motorbike Life in Hanoi","Cost of Daily Motorbike Life in Hanoi","cost motorbike daily hanoi","informational","12-hanoi","12.1 riding-hanoi","guide","foreign riders in Hanoi","gsc+owner-history","yes","none","Ride-Hailing vs Owning a Bike in Hanoi","Practical riding-in-Hanoi knowledge; safety skills in cluster 10","","proposed"
"MM-0887","Hoan Kiem and the Old Quarter","Hoan Kiem and the Old Quarter: A Rider’s Guide","hoan kiem and the old quarter riding guide hanoi","informational","12-hanoi","12.2 district-guides","guide","foreign riders in Hanoi","gsc (old quarter demand)+research","yes","R2 route facts","cluster hub","Riding-relevant district context (roads, parking, character); rental logistics stay in 1.5","","proposed"
"MM-0888","Ba Dinh","Ba Dinh: A Rider’s Guide","ba dinh riding guide hanoi","informational","12-hanoi","12.2 district-guides","guide","foreign riders in Hanoi","gsc (old quarter demand)+research","yes","R2 route facts","Hoan Kiem and the Old Quarter: A Rider’s Guide","Riding-relevant district context (roads, parking, character); rental logistics stay in 1.5","","proposed"
"MM-0889","Tay Ho","Tay Ho: A Rider’s Guide","tay ho riding guide hanoi","informational","12-hanoi","12.2 district-guides","guide","foreign riders in Hanoi","gsc (old quarter demand)+research","yes","R2 route facts","Ba Dinh: A Rider’s Guide","Riding-relevant district context (roads, parking, character); rental logistics stay in 1.5","","proposed"
"MM-0890","Long Bien","Long Bien: A Rider’s Guide","long bien riding guide hanoi","informational","12-hanoi","12.2 district-guides","guide","foreign riders in Hanoi","gsc (old quarter demand)+research","yes","R2 route facts","Tay Ho: A Rider’s Guide","Riding-relevant district context (roads, parking, character); rental logistics stay in 1.5","","proposed"
"MM-0891","Cau Giay","Cau Giay: A Rider’s Guide","cau giay riding guide hanoi","informational","12-hanoi","12.2 district-guides","guide","foreign riders in Hanoi","gsc (old quarter demand)+research","yes","R2 route facts","Long Bien: A Rider’s Guide","Riding-relevant district context (roads, parking, character); rental logistics stay in 1.5","","proposed"
"MM-0892","Dong Da","Dong Da: A Rider’s Guide","dong da riding guide hanoi","informational","12-hanoi","12.2 district-guides","guide","foreign riders in Hanoi","gsc (old quarter demand)+research","yes","R2 route facts","Cau Giay: A Rider’s Guide","Riding-relevant district context (roads, parking, character); rental logistics stay in 1.5","","proposed"
"MM-0893","Hai Ba Trung","Hai Ba Trung: A Rider’s Guide","hai ba trung riding guide hanoi","informational","12-hanoi","12.2 district-guides","guide","foreign riders in Hanoi","gsc (old quarter demand)+research","yes","R2 route facts","Dong Da: A Rider’s Guide","Riding-relevant district context (roads, parking, character); rental logistics stay in 1.5","","proposed"
"MM-0894","Thanh Xuan","Thanh Xuan: A Rider’s Guide","thanh xuan riding guide hanoi","informational","12-hanoi","12.2 district-guides","guide","foreign riders in Hanoi","gsc (old quarter demand)+research","yes","R2 route facts","Hai Ba Trung: A Rider’s Guide","Riding-relevant district context (roads, parking, character); rental logistics stay in 1.5","","proposed"
"MM-0895","Hoang Mai","Hoang Mai: A Rider’s Guide","hoang mai riding guide hanoi","informational","12-hanoi","12.2 district-guides","guide","foreign riders in Hanoi","gsc (old quarter demand)+research","yes","R2 route facts","Thanh Xuan: A Rider’s Guide","Riding-relevant district context (roads, parking, character); rental logistics stay in 1.5","","proposed"
"MM-0896","Bac Tu Liem and Nam Tu Liem","Bac Tu Liem and Nam Tu Liem: A Rider’s Guide","bac tu liem and nam tu liem riding guide hanoi","informational","12-hanoi","12.2 district-guides","guide","foreign riders in Hanoi","gsc (old quarter demand)+research","yes","R2 route facts","Hoang Mai: A Rider’s Guide","Riding-relevant district context (roads, parking, character); rental logistics stay in 1.5","","proposed"
"MM-0897","West Lake Loop","West Lake Loop for Riders: A Rider’s Guide","west lake loop for riders riding guide hanoi","informational","12-hanoi","12.2 district-guides","guide","foreign riders in Hanoi","gsc (old quarter demand)+research","yes","R2 route facts","Bac Tu Liem and Nam Tu Liem: A Rider’s Guide","Riding-relevant district context (roads, parking, character); rental logistics stay in 1.5","","proposed"
"MM-0898","Red River Islands Ride","Red River Islands Ride: A Rider’s Guide","red river islands ride riding guide hanoi","informational","12-hanoi","12.2 district-guides","guide","foreign riders in Hanoi","gsc (old quarter demand)+research","yes","R2 route facts","West Lake Loop for Riders: A Rider’s Guide","Riding-relevant district context (roads, parking, character); rental logistics stay in 1.5","","proposed"
"MM-0899","Duong Lam Ancient Village Ride","Duong Lam Ancient Village Ride: A Rider’s Guide","duong lam ancient village ride riding guide hanoi","informational","12-hanoi","12.2 district-guides","guide","foreign riders in Hanoi","gsc (old quarter demand)+research","yes","R2 route facts","Red River Islands Ride: A Rider’s Guide","Riding-relevant district context (roads, parking, character); rental logistics stay in 1.5","","proposed"
"MM-0900","Bat Trang Ceramic Village Ride","Bat Trang Ceramic Village Ride: A Rider’s Guide","bat trang ceramic village ride riding guide hanoi","informational","12-hanoi","12.2 district-guides","guide","foreign riders in Hanoi","gsc (old quarter demand)+research","yes","R2 route facts","Duong Lam Ancient Village Ride: A Rider’s Guide","Riding-relevant district context (roads, parking, character); rental logistics stay in 1.5","","proposed"
"MM-0901","Getting Around Hanoi","Getting Around Hanoi: Motorbike vs Everything Else","getting around hanoi transport","informational","12-hanoi","12.3 practical-hanoi","guide","foreign riders in Hanoi","research","yes","R2 route facts","cluster hub","Practical Hanoi life and day-trip reachability","","proposed"
"MM-0902","Day Trips from Hanoi Reachable by Motorbike","Day Trips from Hanoi Reachable by Motorbike","day trips from hanoi motorbike","informational","12-hanoi","12.3 practical-hanoi","guide","foreign riders in Hanoi","research","yes","R2 route facts","Getting Around Hanoi: Motorbike vs Everything Else","Practical Hanoi life and day-trip reachability","","proposed"
"MM-0903","What to See in Hanoi in One Day by Bike","What to See in Hanoi in One Day by Bike","one day hanoi motorbike itinerary","informational","12-hanoi","12.3 practical-hanoi","guide","foreign riders in Hanoi","research","yes","R2 route facts","Day Trips from Hanoi Reachable by Motorbike","Practical Hanoi life and day-trip reachability","","proposed"
"MM-0904","Weekend Rides Within an Hour of Hanoi","Weekend Rides Within an Hour of Hanoi","weekend rides near hanoi","informational","12-hanoi","12.3 practical-hanoi","guide","foreign riders in Hanoi","research","yes","R2 route facts","What to See in Hanoi in One Day by Bike","Practical Hanoi life and day-trip reachability","","proposed"
"MM-0905","Best Coffee Stops on Hanoi Rides","Best Coffee Stops on Hanoi Rides","motorbike coffee stops hanoi","informational","12-hanoi","12.3 practical-hanoi","guide","foreign riders in Hanoi","research","yes","R2 route facts","Weekend Rides Within an Hour of Hanoi","Practical Hanoi life and day-trip reachability","","proposed"
"MM-0906","Riding to Hanoi’s Lakes and Green Spaces","Riding to Hanoi’s Lakes and Green Spaces","hanoi lakes riding","informational","12-hanoi","12.3 practical-hanoi","guide","foreign riders in Hanoi","research","yes","R2 route facts","Best Coffee Stops on Hanoi Rides","Practical Hanoi life and day-trip reachability","","proposed"
"MM-0907","Markets Worth Riding To in Hanoi","Markets Worth Riding To in Hanoi","hanoi markets motorbike","informational","12-hanoi","12.3 practical-hanoi","guide","foreign riders in Hanoi","research","yes","R2 route facts","Riding to Hanoi’s Lakes and Green Spaces","Practical Hanoi life and day-trip reachability","","proposed"
"MM-0908","Motorbike Day Out","Motorbike Day Out: Hanoi to Ba Vi","hanoi to ba vi day trip motorbike","informational","12-hanoi","12.3 practical-hanoi","guide","foreign riders in Hanoi","research","yes","R2 route facts","Markets Worth Riding To in Hanoi","Practical Hanoi life and day-trip reachability","","proposed"
"MM-0909","Motorbike Day Out","Motorbike Day Out: Hanoi to Duong Lam","hanoi to duong lam motorbike","informational","12-hanoi","12.3 practical-hanoi","guide","foreign riders in Hanoi","research","yes","R2 route facts","Motorbike Day Out: Hanoi to Ba Vi","Practical Hanoi life and day-trip reachability","","proposed"
"MM-0910","Motorbike Day Out","Motorbike Day Out: Hanoi to Bat Trang","hanoi to bat trang motorbike","informational","12-hanoi","12.3 practical-hanoi","guide","foreign riders in Hanoi","research","yes","R2 route facts","Motorbike Day Out: Hanoi to Duong Lam","Practical Hanoi life and day-trip reachability","","proposed"
"MM-0911","Motorbike Day Out","Motorbike Day Out: Hanoi to Tam Dao","hanoi to tam dao motorbike","informational","12-hanoi","12.3 practical-hanoi","guide","foreign riders in Hanoi","research","yes","R2 route facts","Motorbike Day Out: Hanoi to Bat Trang","Practical Hanoi life and day-trip reachability","","proposed"
"MM-0912","Motorbike Day Out","Motorbike Day Out: Hanoi to Perfume Pagoda Area","hanoi to perfume pagoda motorbike","informational","12-hanoi","12.3 practical-hanoi","guide","foreign riders in Hanoi","research","yes","R2 route facts","Motorbike Day Out: Hanoi to Tam Dao","Practical Hanoi life and day-trip reachability","","proposed"
"MM-0913","Motorbike Day Out","Motorbike Day Out: Hanoi to Thay Pagoda and Tay Phuong","hanoi thay pagoda motorbike","informational","12-hanoi","12.3 practical-hanoi","guide","foreign riders in Hanoi","research","yes","R2 route facts","Motorbike Day Out: Hanoi to Perfume Pagoda Area","Practical Hanoi life and day-trip reachability","","proposed"
"MM-0914","Motorbike Day Out","Motorbike Day Out: Hanoi to Co Loa Citadel","hanoi co loa motorbike","informational","12-hanoi","12.3 practical-hanoi","guide","foreign riders in Hanoi","research","yes","R2 route facts","Motorbike Day Out: Hanoi to Thay Pagoda and Tay Phuong","Practical Hanoi life and day-trip reachability","","proposed"
"MM-0915","Motorbike Day Out","Motorbike Day Out: Hanoi Round West Lake","west lake loop hanoi motorbike","informational","12-hanoi","12.3 practical-hanoi","guide","foreign riders in Hanoi","research","yes","R2 route facts","Motorbike Day Out: Hanoi to Co Loa Citadel","Practical Hanoi life and day-trip reachability","","proposed"
"MM-0916","Riding Hanoi at Night","Riding Hanoi at Night: Where to Go","hanoi night riding","informational","12-hanoi","12.3 practical-hanoi","guide","foreign riders in Hanoi","research","yes","R2 route facts","Motorbike Day Out: Hanoi Round West Lake","Practical Hanoi life and day-trip reachability","","proposed"
"MM-0917","Photography Spots Reachable by Motorbike","Photography Spots Reachable by Motorbike","motorbike photography spots hanoi","informational","12-hanoi","12.3 practical-hanoi","guide","foreign riders in Hanoi","research","yes","R2 route facts","Riding Hanoi at Night: Where to Go","Practical Hanoi life and day-trip reachability","","proposed"
"MM-0918","Hanoi with Kids on a Motorbike","Hanoi with Kids on a Motorbike: Practical Guidance","hanoi motorbike with kids","informational","12-hanoi","12.3 practical-hanoi","guide","foreign riders in Hanoi","research","yes","R2 route facts","Photography Spots Reachable by Motorbike","Practical Hanoi life and day-trip reachability","","proposed"
"MM-0919","Living in Hanoi Without a Motorbike","Living in Hanoi Without a Motorbike: Possible?","live in hanoi without motorbike","informational","12-hanoi","12.3 practical-hanoi","guide","foreign riders in Hanoi","research","yes","R2 route facts","Hanoi with Kids on a Motorbike: Practical Guidance","Practical Hanoi life and day-trip reachability","","proposed"
"MM-0920","Street Food Hunting by Motorbike in Hanoi","Street Food Hunting by Motorbike in Hanoi","street food motorbike hanoi","informational","12-hanoi","12.3 practical-hanoi","guide","foreign riders in Hanoi","research","yes","R2 route facts","Living in Hanoi Without a Motorbike: Possible?","Practical Hanoi life and day-trip reachability","","proposed"
"MM-0921","Hanoi to Ninh Binh by Motorbike","Hanoi to Ninh Binh by Motorbike: Route Guide","hanoi to ninh binh motorbike","informational","13-trips","13.1 route-guides","guide","foreign riders in Hanoi","research","yes","R2 HIGH: route conditions, distances verified independently","cluster hub","One destination route per article; destination ""what to do"" stays thin here and links to 12/14 where relevant","","proposed"
"MM-0922","Hanoi to Tam Coc and Trang An by Motorbike","Hanoi to Tam Coc and Trang An by Motorbike","hanoi to trang an motorbike","informational","13-trips","13.1 route-guides","guide","foreign riders in Hanoi","research","yes","R2 HIGH: route conditions, distances verified independently","Hanoi to Ninh Binh by Motorbike: Route Guide","One destination route per article; destination ""what to do"" stays thin here and links to 12/14 where relevant","","proposed"
"MM-0923","Hanoi to Mai Chau by Motorbike","Hanoi to Mai Chau by Motorbike: Route Guide","hanoi to mai chau motorbike","informational","13-trips","13.1 route-guides","guide","foreign riders in Hanoi","research","yes","R2 HIGH: route conditions, distances verified independently","Hanoi to Tam Coc and Trang An by Motorbike","One destination route per article; destination ""what to do"" stays thin here and links to 12/14 where relevant","","proposed"
"MM-0924","Hanoi to Pu Luong by Motorbike","Hanoi to Pu Luong by Motorbike","hanoi to pu luong motorbike","informational","13-trips","13.1 route-guides","guide","foreign riders in Hanoi","research","yes","R2 HIGH: route conditions, distances verified independently","Hanoi to Mai Chau by Motorbike: Route Guide","One destination route per article; destination ""what to do"" stays thin here and links to 12/14 where relevant","","proposed"
"MM-0925","Hanoi to Moc Chau by Motorbike","Hanoi to Moc Chau by Motorbike","hanoi to moc chau motorbike","informational","13-trips","13.1 route-guides","guide","foreign riders in Hanoi","research","yes","R2 HIGH: route conditions, distances verified independently","Hanoi to Pu Luong by Motorbike","One destination route per article; destination ""what to do"" stays thin here and links to 12/14 where relevant","","proposed"
"MM-0926","Hanoi to Ba Vi National Park by Motorbike","Hanoi to Ba Vi National Park by Motorbike","hanoi to ba vi motorbike","informational","13-trips","13.1 route-guides","guide","foreign riders in Hanoi","research","yes","R2 HIGH: route conditions, distances verified independently","Hanoi to Moc Chau by Motorbike","One destination route per article; destination ""what to do"" stays thin here and links to 12/14 where relevant","","proposed"
"MM-0927","Hanoi to Ha Long by Motorbike","Hanoi to Ha Long by Motorbike: Route and Choices","hanoi to ha long motorbike","informational","13-trips","13.1 route-guides","guide","foreign riders in Hanoi","research","yes","R2 HIGH: route conditions, distances verified independently","Hanoi to Ba Vi National Park by Motorbike","One destination route per article; destination ""what to do"" stays thin here and links to 12/14 where relevant","","proposed"
"MM-0928","Hanoi to Cat Ba Island by Motorbike","Hanoi to Cat Ba Island by Motorbike","hanoi to cat ba motorbike","informational","13-trips","13.1 route-guides","guide","foreign riders in Hanoi","research","yes","R2 HIGH: route conditions, distances verified independently","Hanoi to Ha Long by Motorbike: Route and Choices","One destination route per article; destination ""what to do"" stays thin here and links to 12/14 where relevant","","proposed"
"MM-0929","Hanoi to Ha Giang by Motorbike","Hanoi to Ha Giang by Motorbike: Getting There","hanoi to ha giang motorbike","informational","13-trips","13.1 route-guides","guide","foreign riders in Hanoi","research","yes","R2 HIGH: route conditions, distances verified independently","Hanoi to Cat Ba Island by Motorbike","One destination route per article; destination ""what to do"" stays thin here and links to 12/14 where relevant","","proposed"
"MM-0930","The Ha Giang Loop","The Ha Giang Loop: Complete Route Guide","ha giang loop route guide","informational","13-trips","13.1 route-guides","guide","foreign riders in Hanoi","research","yes","R2 HIGH: route conditions, distances verified independently","Hanoi to Ha Giang by Motorbike: Getting There","One destination route per article; destination ""what to do"" stays thin here and links to 12/14 where relevant","","proposed"
"MM-0931","Ha Giang Loop in 3 Days","Ha Giang Loop in 3 Days vs 4 Days vs 5 Days","ha giang loop itinerary days","informational","13-trips","13.1 route-guides","guide","foreign riders in Hanoi","research","yes","R2 HIGH: route conditions, distances verified independently","The Ha Giang Loop: Complete Route Guide","One destination route per article; destination ""what to do"" stays thin here and links to 12/14 where relevant","","proposed"
"MM-0932","Hanoi to Cao Bang and Ban Gioc by Motorbike","Hanoi to Cao Bang and Ban Gioc by Motorbike","hanoi to cao bang motorbike","informational","13-trips","13.1 route-guides","guide","foreign riders in Hanoi","research","yes","R2 HIGH: route conditions, distances verified independently","Ha Giang Loop in 3 Days vs 4 Days vs 5 Days","One destination route per article; destination ""what to do"" stays thin here and links to 12/14 where relevant","","proposed"
"MM-0933","Hanoi to Sapa by Motorbike","Hanoi to Sapa by Motorbike: Is Riding Worth It?","hanoi to sapa motorbike","informational","13-trips","13.1 route-guides","guide","foreign riders in Hanoi","research","yes","R2 HIGH: route conditions, distances verified independently","Hanoi to Cao Bang and Ban Gioc by Motorbike","One destination route per article; destination ""what to do"" stays thin here and links to 12/14 where relevant","","proposed"
"MM-0934","Hanoi to Thai Nguyen and ATK Area by Motorbike","Hanoi to Thai Nguyen and ATK Area by Motorbike","hanoi thai nguyen motorbike","informational","13-trips","13.1 route-guides","guide","foreign riders in Hanoi","research","yes","R2 HIGH: route conditions, distances verified independently","Hanoi to Sapa by Motorbike: Is Riding Worth It?","One destination route per article; destination ""what to do"" stays thin here and links to 12/14 where relevant","","proposed"
"MM-0935","Hanoi to Hai Phong by Motorbike","Hanoi to Hai Phong by Motorbike","hanoi to hai phong motorbike","informational","13-trips","13.1 route-guides","guide","foreign riders in Hanoi","research","yes","R2 HIGH: route conditions, distances verified independently","Hanoi to Thai Nguyen and ATK Area by Motorbike","One destination route per article; destination ""what to do"" stays thin here and links to 12/14 where relevant","","proposed"
"MM-0936","Hanoi to Nam Dinh and the Coast by Motorbike","Hanoi to Nam Dinh and the Coast by Motorbike","hanoi nam dinh motorbike","informational","13-trips","13.1 route-guides","guide","foreign riders in Hanoi","research","yes","R2 HIGH: route conditions, distances verified independently","Hanoi to Hai Phong by Motorbike","One destination route per article; destination ""what to do"" stays thin here and links to 12/14 where relevant","","proposed"
"MM-0937","Hanoi to Hoa Binh Lake by Motorbike","Hanoi to Hoa Binh Lake by Motorbike","hanoi hoa binh lake motorbike","informational","13-trips","13.1 route-guides","guide","foreign riders in Hanoi","research","yes","R2 HIGH: route conditions, distances verified independently","Hanoi to Nam Dinh and the Coast by Motorbike","One destination route per article; destination ""what to do"" stays thin here and links to 12/14 where relevant","","proposed"
"MM-0938","Riding the Thung Khe Pass","Riding the Thung Khe Pass","thung khe pass motorbike","informational","13-trips","13.1 route-guides","guide","foreign riders in Hanoi","research","yes","R2 HIGH: route conditions, distances verified independently","Hanoi to Hoa Binh Lake by Motorbike","One destination route per article; destination ""what to do"" stays thin here and links to 12/14 where relevant","","proposed"
"MM-0939","Planning Your First Motorbike Trip from Hanoi","Planning Your First Motorbike Trip from Hanoi","first motorbike trip from hanoi","informational","13-trips","13.2 trip-planning","guide","foreign riders in Hanoi","owner-history (day-trip bike questions)+research","yes","R2","cluster hub","Planning logistics, not specific routes (13.1)","","proposed"
"MM-0940","Day Trip","Day Trip vs Overnight: Choosing Your Ride","day trip vs overnight motorbike","informational","13-trips","13.2 trip-planning","guide","foreign riders in Hanoi","owner-history (day-trip bike questions)+research","yes","R2","Planning Your First Motorbike Trip from Hanoi","Planning logistics, not specific routes (13.1)","","proposed"
"MM-0941","Renting","Renting vs Using Your Own Bike for a Trip","rental bike long trip vietnam","informational","13-trips","13.2 trip-planning","guide","foreign riders in Hanoi","owner-history (day-trip bike questions)+research","yes","R2","Day Trip vs Overnight: Choosing Your Ride","Planning logistics, not specific routes (13.1)","","proposed"
"MM-0942","Packing","Packing for a Motorbike Trip in Vietnam","motorbike trip packing list","informational","13-trips","13.2 trip-planning","guide","foreign riders in Hanoi","owner-history (day-trip bike questions)+research","yes","R2","Renting vs Using Your Own Bike for a Trip","Planning logistics, not specific routes (13.1)","","proposed"
"MM-0943","What Skill Level Do You Need","What Skill Level Do You Need for Mountain Trips?","skill level mountain trip vietnam","informational","13-trips","13.2 trip-planning","guide","foreign riders in Hanoi","owner-history (day-trip bike questions)+research","yes","R2","Packing for a Motorbike Trip in Vietnam","Planning logistics, not specific routes (13.1)","","proposed"
"MM-0944","Fuel Planning on Rural Vietnamese Roads","Fuel Planning on Rural Vietnamese Roads","fuel planning rural vietnam","informational","13-trips","13.2 trip-planning","guide","foreign riders in Hanoi","owner-history (day-trip bike questions)+research","yes","R2","What Skill Level Do You Need for Mountain Trips?","Planning logistics, not specific routes (13.1)","","proposed"
"MM-0945","Where to Sleep","Where to Sleep: Homestays on Motorbike Routes","homestays motorbike routes vietnam","informational","13-trips","13.2 trip-planning","guide","foreign riders in Hanoi","owner-history (day-trip bike questions)+research","yes","R2","Fuel Planning on Rural Vietnamese Roads","Planning logistics, not specific routes (13.1)","","proposed"
"MM-0946","Weather Windows","Weather Windows for Northern Vietnam Trips","best season northern vietnam motorbike","informational","13-trips","13.2 trip-planning","guide","foreign riders in Hanoi","owner-history (day-trip bike questions)+research","yes","R2","Where to Sleep: Homestays on Motorbike Routes","Planning logistics, not specific routes (13.1)","","proposed"
"MM-0947","Riding the Ha Giang Loop Solo","Riding the Ha Giang Loop Solo vs Guided","ha giang loop solo vs tour","informational","13-trips","13.2 trip-planning","guide","foreign riders in Hanoi","owner-history (day-trip bike questions)+research","yes","R2","Weather Windows for Northern Vietnam Trips","Planning logistics, not specific routes (13.1)","","proposed"
"MM-0948","Guided Motorbike Tours from Hanoi","Guided Motorbike Tours from Hanoi: How to Evaluate","guided motorbike tour vietnam evaluate","informational","13-trips","13.2 trip-planning","guide","foreign riders in Hanoi","owner-history (day-trip bike questions)+research","yes","R2","Riding the Ha Giang Loop Solo vs Guided","Planning logistics, not specific routes (13.1)","","proposed"
"MM-0949","Money and Payments on the Road","Money and Payments on the Road","payments rural vietnam travel","informational","13-trips","13.2 trip-planning","guide","foreign riders in Hanoi","owner-history (day-trip bike questions)+research","yes","R2","Guided Motorbike Tours from Hanoi: How to Evaluate","Planning logistics, not specific routes (13.1)","","proposed"
"MM-0950","Connectivity and SIMs on Trips","Connectivity and SIMs on Trips","sim card vietnam motorbike trip","informational","13-trips","13.2 trip-planning","guide","foreign riders in Hanoi","owner-history (day-trip bike questions)+research","yes","R2","Money and Payments on the Road","Planning logistics, not specific routes (13.1)","","proposed"
"MM-0951","Documents to Carry on a Motorbike Trip","Documents to Carry on a Motorbike Trip","documents motorbike trip vietnam","informational","13-trips","13.2 trip-planning","guide","foreign riders in Hanoi","owner-history (day-trip bike questions)+research","yes","R2","Connectivity and SIMs on Trips","Planning logistics, not specific routes (13.1)","","proposed"
"MM-0952","Emergency Planning","Emergency Planning for Remote Areas","emergency plan remote riding vietnam","informational","13-trips","13.2 trip-planning","guide","foreign riders in Hanoi","owner-history (day-trip bike questions)+research","yes","R2","Documents to Carry on a Motorbike Trip","Planning logistics, not specific routes (13.1)","","proposed"
"MM-0953","Bike Choice","Bike Choice for the Ha Giang Loop","bike for ha giang loop","informational","13-trips","13.2 trip-planning","guide","foreign riders in Hanoi","owner-history (day-trip bike questions)+research","yes","R2","Emergency Planning for Remote Areas","Planning logistics, not specific routes (13.1)","","proposed"
"MM-0954","Mountain Road Hazards in Northern Vietnam","Mountain Road Hazards in Northern Vietnam","mountain road hazards vietnam","informational","13-trips","13.3 trip-safety","guide","foreign riders in Hanoi","skeleton+research","yes","R2","cluster hub","Trip-specific safety; general skills in cluster 10","","proposed"
"MM-0955","Fog and Cloud on Mountain Passes","Fog and Cloud on Mountain Passes","fog mountain pass riding vietnam","informational","13-trips","13.3 trip-safety","guide","foreign riders in Hanoi","skeleton+research","yes","R2","Mountain Road Hazards in Northern Vietnam","Trip-specific safety; general skills in cluster 10","","proposed"
"MM-0956","River Crossings and Flooded Sections","River Crossings and Flooded Sections","river crossing motorbike vietnam","informational","13-trips","13.3 trip-safety","guide","foreign riders in Hanoi","skeleton+research","yes","R2","Fog and Cloud on Mountain Passes","Trip-specific safety; general skills in cluster 10","","proposed"
"MM-0957","Livestock, Kids and Village Roads","Livestock, Kids and Village Roads","village road hazards vietnam","informational","13-trips","13.3 trip-safety","guide","foreign riders in Hanoi","skeleton+research","yes","R2","River Crossings and Flooded Sections","Trip-specific safety; general skills in cluster 10","","proposed"
"MM-0958","Landslide Zones After Heavy Rain","Landslide Zones After Heavy Rain","landslide risk vietnam roads","informational","13-trips","13.3 trip-safety","guide","foreign riders in Hanoi","skeleton+research","yes","R2","Livestock, Kids and Village Roads","Trip-specific safety; general skills in cluster 10","","proposed"
"MM-0959","Motorbiking Vietnam","Motorbiking Vietnam: The Big Picture","motorbiking vietnam guide","informational","14-vietnam","14.1 big-picture","guide","foreign riders in Hanoi","research","yes","R2","cluster hub","Country-level riding guides; specific routes in 13","","proposed"
"MM-0960","North","North vs South Vietnam for Motorbike Travel","north vs south vietnam motorbike","informational","14-vietnam","14.1 big-picture","guide","foreign riders in Hanoi","research","yes","R2","Motorbiking Vietnam: The Big Picture","Country-level riding guides; specific routes in 13","","proposed"
"MM-0961","Coast","Coast vs Highlands: Choosing Your Route Style","coast vs highlands vietnam riding","informational","14-vietnam","14.1 big-picture","guide","foreign riders in Hanoi","research","yes","R2","North vs South Vietnam for Motorbike Travel","Country-level riding guides; specific routes in 13","","proposed"
"MM-0962","The Ho Chi Minh Road","The Ho Chi Minh Road for Riders","ho chi minh road motorbike","informational","14-vietnam","14.1 big-picture","guide","foreign riders in Hanoi","research","yes","R2","Coast vs Highlands: Choosing Your Route Style","Country-level riding guides; specific routes in 13","","proposed"
"MM-0963","How Long Do You Need to Ride Vietnam?","How Long Do You Need to Ride Vietnam?","how long to ride vietnam","informational","14-vietnam","14.1 big-picture","guide","foreign riders in Hanoi","research","yes","R2","The Ho Chi Minh Road for Riders","Country-level riding guides; specific routes in 13","","proposed"
"MM-0964","Best Months to Ride Each Region of Vietnam","Best Months to Ride Each Region of Vietnam","best time to ride vietnam regions","informational","14-vietnam","14.1 big-picture","guide","foreign riders in Hanoi","research","yes","R2","How Long Do You Need to Ride Vietnam?","Country-level riding guides; specific routes in 13","","proposed"
"MM-0965","Riding Vietnam on a Semi-Automatic","Riding Vietnam on a Semi-Automatic: Reality Check","riding vietnam semi automatic","informational","14-vietnam","14.1 big-picture","guide","foreign riders in Hanoi","research","yes","R2","Best Months to Ride Each Region of Vietnam","Country-level riding guides; specific routes in 13","","proposed"
"MM-0966","Big Bike Touring in Vietnam","Big Bike Touring in Vietnam: Pros and Cons","big bike touring vietnam","informational","14-vietnam","14.1 big-picture","guide","foreign riders in Hanoi","research","yes","R2","Riding Vietnam on a Semi-Automatic: Reality Check","Country-level riding guides; specific routes in 13","","proposed"
"MM-0967","Vietnam by Motorbike","Vietnam by Motorbike vs by Bus/Train","motorbike vs bus vietnam travel","informational","14-vietnam","14.1 big-picture","guide","foreign riders in Hanoi","research","yes","R2","Big Bike Touring in Vietnam: Pros and Cons","Country-level riding guides; specific routes in 13","","proposed"
"MM-0968","A First-Timer’s Route Across Northern Vietnam","A First-Timer’s Route Across Northern Vietnam","northern vietnam route first timer","informational","14-vietnam","14.1 big-picture","guide","foreign riders in Hanoi","research","yes","R2","Vietnam by Motorbike vs by Bus/Train","Country-level riding guides; specific routes in 13","","proposed"
"MM-0969","Hanoi to Hue by Motorbike","Hanoi to Hue by Motorbike","hanoi to hue motorbike","informational","14-vietnam","14.2 long-distance","guide","foreign riders in Hanoi","skeleton+research","yes","R2/R1 (border rules)","cluster hub","Long-haul logistics; routes from Hanoi in 13","","proposed"
"MM-0970","Hanoi to Hoi An by Motorbike","Hanoi to Hoi An by Motorbike","hanoi to hoi an motorbike","informational","14-vietnam","14.2 long-distance","guide","foreign riders in Hanoi","skeleton+research","yes","R2/R1 (border rules)","Hanoi to Hue by Motorbike","Long-haul logistics; routes from Hanoi in 13","","proposed"
"MM-0971","Hanoi to Ho Chi Minh City by Motorbike","Hanoi to Ho Chi Minh City by Motorbike","hanoi to ho chi minh city motorbike","informational","14-vietnam","14.2 long-distance","guide","foreign riders in Hanoi","skeleton+research","yes","R2/R1 (border rules)","Hanoi to Hoi An by Motorbike","Long-haul logistics; routes from Hanoi in 13","","proposed"
"MM-0972","Shipping Your Motorbike Between Cities","Shipping Your Motorbike Between Cities","ship motorbike vietnam","informational","14-vietnam","14.2 long-distance","guide","foreign riders in Hanoi","skeleton+research","yes","R2/R1 (border rules)","Hanoi to Ho Chi Minh City by Motorbike","Long-haul logistics; routes from Hanoi in 13","","proposed"
"MM-0973","Border Zones and Restricted Areas","Border Zones and Restricted Areas for Riders","border zone restrictions vietnam riding","informational","14-vietnam","14.2 long-distance","guide","foreign riders in Hanoi","skeleton+research","yes","R2/R1 (border rules)","Shipping Your Motorbike Between Cities","Long-haul logistics; routes from Hanoi in 13","","proposed"
"MM-0974","Riding into Laos or Cambodia","Riding into Laos or Cambodia: The Basics","motorbike border crossing laos cambodia","informational","14-vietnam","14.2 long-distance","guide","foreign riders in Hanoi","skeleton+research","yes","R2/R1 (border rules)","Border Zones and Restricted Areas for Riders","Long-haul logistics; routes from Hanoi in 13","","proposed"
"MM-0975","Buying a Bike in Hanoi, Selling in Saigon","Buying a Bike in Hanoi, Selling in Saigon","buy hanoi sell saigon motorbike","informational","14-vietnam","14.2 long-distance","guide","foreign riders in Hanoi","skeleton+research","yes","R2/R1 (border rules)","Riding into Laos or Cambodia: The Basics","Long-haul logistics; routes from Hanoi in 13","","proposed"
"MM-0976","Crossing the Hai Van Pass","Crossing the Hai Van Pass","hai van pass motorbike","informational","14-vietnam","14.2 long-distance","guide","foreign riders in Hanoi","skeleton+research","yes","R2/R1 (border rules)","Buying a Bike in Hanoi, Selling in Saigon","Long-haul logistics; routes from Hanoi in 13","","proposed"
"MM-0977","The Ho Chi Minh Trail Legacy Route","The Ho Chi Minh Trail Legacy Route","ho chi minh trail route riding","informational","14-vietnam","14.2 long-distance","guide","foreign riders in Hanoi","skeleton+research","yes","R2/R1 (border rules)","Crossing the Hai Van Pass","Long-haul logistics; routes from Hanoi in 13","","proposed"
"MM-0978","Coastal Route Highlights","Coastal Route Highlights for Riders","vietnam coastal motorbike route","informational","14-vietnam","14.2 long-distance","guide","foreign riders in Hanoi","skeleton+research","yes","R2/R1 (border rules)","The Ho Chi Minh Trail Legacy Route","Long-haul logistics; routes from Hanoi in 13","","proposed"
"MM-0979","Homestays and Local Hospitality on the Road","Homestays and Local Hospitality on the Road","homestay vietnam motorbike trip","informational","14-vietnam","14.3 road-practicalities","guide","foreign riders in Hanoi","research","yes","none","cluster hub","On-the-road culture and practicalities","","proposed"
"MM-0980","Getting Repairs in Small Towns","Getting Repairs in Small Towns","motorbike repair small town vietnam","informational","14-vietnam","14.3 road-practicalities","guide","foreign riders in Hanoi","research","yes","none","Homestays and Local Hospitality on the Road","On-the-road culture and practicalities","","proposed"
"MM-0981","Food and Water on Long Rides","Food and Water on Long Rides","food water long ride vietnam","informational","14-vietnam","14.3 road-practicalities","guide","foreign riders in Hanoi","research","yes","none","Getting Repairs in Small Towns","On-the-road culture and practicalities","","proposed"
"MM-0982","Vietnamese Phrases Every Rider Should Know","Vietnamese Phrases Every Rider Should Know","vietnamese phrases motorbike riders","informational","14-vietnam","14.3 road-practicalities","guide","foreign riders in Hanoi","research","yes","none","Food and Water on Long Rides","On-the-road culture and practicalities","","proposed"
"MM-0983","Fuel Stations and Cash in Rural Vietnam","Fuel Stations and Cash in Rural Vietnam","rural fuel stations vietnam cash","informational","14-vietnam","14.3 road-practicalities","guide","foreign riders in Hanoi","research","yes","none","Vietnamese Phrases Every Rider Should Know","On-the-road culture and practicalities","","proposed"
"MM-0984","Wildlife and Night Driving in the Countryside","Wildlife and Night Driving in the Countryside","night driving countryside vietnam","informational","14-vietnam","14.3 road-practicalities","guide","foreign riders in Hanoi","research","yes","none","Fuel Stations and Cash in Rural Vietnam","On-the-road culture and practicalities","","proposed"
"MM-0985","Camping","Camping vs Guesthouses","camping vietnam motorbike","informational","14-vietnam","14.3 road-practicalities","guide","foreign riders in Hanoi","research","yes","none","Wildlife and Night Driving in the Countryside","On-the-road culture and practicalities","","proposed"
"MM-0986","Riding Etiquette Between Cities","Riding Etiquette Between Cities","riding etiquette between cities vietnam","informational","14-vietnam","14.3 road-practicalities","guide","foreign riders in Hanoi","research","yes","none","Camping vs Guesthouses","On-the-road culture and practicalities","","proposed"
"MM-0987","Responsible Riding in Ethnic Minority Villages","Responsible Riding in Ethnic Minority Villages","responsible travel villages vietnam","informational","14-vietnam","14.3 road-practicalities","guide","foreign riders in Hanoi","research","yes","none","Riding Etiquette Between Cities","On-the-road culture and practicalities","","proposed"
"MM-0988","Coming Back","Coming Back: Ending a Long Trip Well","end long motorbike trip vietnam","informational","14-vietnam","14.3 road-practicalities","guide","foreign riders in Hanoi","research","yes","none","Responsible Riding in Ethnic Minority Villages","On-the-road culture and practicalities","","proposed"